All VMs by CPU Utilization - Last 7 Days for All Virtual Machines from Last 7 Days,,,,,
,,,,,
Cluster,Host,Name,Date,Average CPU Load (On Host),Average CPU Load
KBL-DR-CLUSTER,kbl-dr-esxi-host.kingdombankltd.local,KBL-BANCASSURANCE-SVR,6/29/2024,,
KBL-DR-CLUSTER,kbl-dr-esxi-host.kingdombankltd.local,KBL-BANCASSURANCE-SVR,6/30/2024,,
KBL-DR-CLUSTER,kbl-dr-esxi-host.kingdombankltd.local,KBL-BANCASSURANCE-SVR,7/1/2024,,
KBL-DR-CLUSTER,kbl-dr-esxi-host.kingdombankltd.local,KBL-BANCASSURANCE-SVR,7/2/2024,,
KBL-DR-CLUSTER,kbl-dr-esxi-host.kingdombankltd.local,KBL-BANCASSURANCE-SVR,7/3/2024,,
KBL-DR-CLUSTER,kbl-dr-esxi-host.kingdombankltd.local,KBL-BI-NEW-SVR,6/29/2024,,
KBL-DR-CLUSTER,kbl-dr-esxi-host.kingdombankltd.local,KBL-BI-NEW-SVR,6/30/2024,,
KBL-DR-CLUSTER,kbl-dr-esxi-host.kingdombankltd.local,KBL-BI-NEW-SVR,7/1/2024,,
KBL-DR-CLUSTER,kbl-dr-esxi-host.kingdombankltd.local,KBL-BI-NEW-SVR,7/2/2024,,
KBL-DR-CLUSTER,kbl-dr-esxi-host.kingdombankltd.local,KBL-BI-NEW-SVR,7/3/2024,,
KBL-DR-CLUSTER,kbl-dr-esxi-host.kingdombankltd.local,KBL-BREFT-SVR,6/29/2024,,
KBL-DR-CLUSTER,kbl-dr-esxi-host.kingdombankltd.local,KBL-BREFT-SVR,6/30/2024,,
KBL-DR-CLUSTER,kbl-dr-esxi-host.kingdombankltd.local,KBL-BREFT-SVR,7/1/2024,,
KBL-DR-CLUSTER,kbl-dr-esxi-host.kingdombankltd.local,KBL-BREFT-SVR,7/2/2024,,
KBL-DR-CLUSTER,kbl-dr-esxi-host.kingdombankltd.local,KBL-BREFT-SVR,7/3/2024,,
KBL-DR-CLUSTER,kbl-dr-esxi-host.kingdombankltd.local,KBL-CQ-APP-LIVE-SVR,6/29/2024,,
KBL-DR-CLUSTER,kbl-dr-esxi-host.kingdombankltd.local,KBL-CQ-APP-LIVE-SVR,6/30/2024,,
KBL-DR-CLUSTER,kbl-dr-esxi-host.kingdombankltd.local,KBL-CQ-APP-LIVE-SVR,7/1/2024,,
KBL-DR-CLUSTER,kbl-dr-esxi-host.kingdombankltd.local,KBL-CQ-APP-LIVE-SVR,7/2/2024,,
KBL-DR-CLUSTER,kbl-dr-esxi-host.kingdombankltd.local,KBL-CQ-APP-LIVE-SVR,7/3/2024,,
KBL-DR-CLUSTER,kbl-dr-esxi-host.kingdombankltd.local,KBL-CQ-DB-LIVE-SVR,6/29/2024,,
KBL-DR-CLUSTER,kbl-dr-esxi-host.kingdombankltd.local,KBL-CQ-DB-LIVE-SVR,6/30/2024,,
KBL-DR-CLUSTER,kbl-dr-esxi-host.kingdombankltd.local,KBL-CQ-DB-LIVE-SVR,7/1/2024,,
KBL-DR-CLUSTER,kbl-dr-esxi-host.kingdombankltd.local,KBL-CQ-DB-LIVE-SVR,7/2/2024,,
KBL-DR-CLUSTER,kbl-dr-esxi-host.kingdombankltd.local,KBL-CQ-DB-LIVE-SVR,7/3/2024,,
KBL-DR-CLUSTER,kbl-dr-esxi-host.kingdombankltd.local,KBL-CSD-SVR,6/29/2024,,
KBL-DR-CLUSTER,kbl-dr-esxi-host.kingdombankltd.local,KBL-CSD-SVR,6/30/2024,,
KBL-DR-CLUSTER,kbl-dr-esxi-host.kingdombankltd.local,KBL-CSD-SVR,7/1/2024,,
KBL-DR-CLUSTER,kbl-dr-esxi-host.kingdombankltd.local,KBL-CSD-SVR,7/2/2024,,
KBL-DR-CLUSTER,kbl-dr-esxi-host.kingdombankltd.local,KBL-CSD-SVR,7/3/2024,,
KBL-DR-CLUSTER,kbl-dr-esxi-host.kingdombankltd.local,KBL-DIGILIFE-LIVE-ADMIN-SVR,6/29/2024,,
KBL-DR-CLUSTER,kbl-dr-esxi-host.kingdombankltd.local,KBL-DIGILIFE-LIVE-ADMIN-SVR,6/30/2024,,
KBL-DR-CLUSTER,kbl-dr-esxi-host.kingdombankltd.local,KBL-DIGILIFE-LIVE-ADMIN-SVR,7/1/2024,,
KBL-DR-CLUSTER,kbl-dr-esxi-host.kingdombankltd.local,KBL-DIGILIFE-LIVE-ADMIN-SVR,7/2/2024,,
KBL-DR-CLUSTER,kbl-dr-esxi-host.kingdombankltd.local,KBL-DIGILIFE-LIVE-ADMIN-SVR,7/3/2024,,
KBL-DR-CLUSTER,kbl-dr-esxi-host.kingdombankltd.local,KBL-DIGILIFE-SVR-OLD,6/29/2024,,
KBL-DR-CLUSTER,kbl-dr-esxi-host.kingdombankltd.local,KBL-DIGILIFE-SVR-OLD,6/30/2024,,
KBL-DR-CLUSTER,kbl-dr-esxi-host.kingdombankltd.local,KBL-DIGILIFE-SVR-OLD,7/1/2024,,
KBL-DR-CLUSTER,kbl-dr-esxi-host.kingdombankltd.local,KBL-DIGILIFE-SVR-OLD,7/2/2024,,
KBL-DR-CLUSTER,kbl-dr-esxi-host.kingdombankltd.local,KBL-DIGILIFE-SVR-OLD,7/3/2024,,
KBL-DR-CLUSTER,kbl-dr-esxi-host.kingdombankltd.local,KBL-DR-SRM-SVR,6/29/2024,0.03 %,0.33 %
KBL-DR-CLUSTER,kbl-dr-esxi-host.kingdombankltd.local,KBL-DR-SRM-SVR,6/30/2024,0.03 %,0.32 %
KBL-DR-CLUSTER,kbl-dr-esxi-host.kingdombankltd.local,KBL-DR-SRM-SVR,7/1/2024,0.03 %,0.32 %
KBL-DR-CLUSTER,kbl-dr-esxi-host.kingdombankltd.local,KBL-DR-SRM-SVR,7/2/2024,0.03 %,0.32 %
KBL-DR-CLUSTER,kbl-dr-esxi-host.kingdombankltd.local,KBL-DR-SRM-SVR,7/3/2024,0.03 %,0.32 %
KBL-DR-CLUSTER,kbl-dr-esxi-host.kingdombankltd.local,KBL-DR-VCENTER-SVR,6/29/2024,0.36 %,4.33 %
KBL-DR-CLUSTER,kbl-dr-esxi-host.kingdombankltd.local,KBL-DR-VCENTER-SVR,6/30/2024,0.36 %,4.29 %
KBL-DR-CLUSTER,kbl-dr-esxi-host.kingdombankltd.local,KBL-DR-VCENTER-SVR,7/1/2024,0.36 %,4.30 %
KBL-DR-CLUSTER,kbl-dr-esxi-host.kingdombankltd.local,KBL-DR-VCENTER-SVR,7/2/2024,0.36 %,4.31 %
KBL-DR-CLUSTER,kbl-dr-esxi-host.kingdombankltd.local,KBL-DR-VCENTER-SVR,7/3/2024,0.36 %,4.30 %
KBL-DR-CLUSTER,kbl-dr-esxi-host.kingdombankltd.local,KBL-ELMA-SVR-OLD,6/29/2024,,
KBL-DR-CLUSTER,kbl-dr-esxi-host.kingdombankltd.local,KBL-ELMA-SVR-OLD,6/30/2024,,
KBL-DR-CLUSTER,kbl-dr-esxi-host.kingdombankltd.local,KBL-ELMA-SVR-OLD,7/1/2024,,
KBL-DR-CLUSTER,kbl-dr-esxi-host.kingdombankltd.local,KBL-ELMA-SVR-OLD,7/2/2024,,
KBL-DR-CLUSTER,kbl-dr-esxi-host.kingdombankltd.local,KBL-ELMA-SVR-OLD,7/3/2024,,
KBL-DR-CLUSTER,kbl-dr-esxi-host.kingdombankltd.local,KBL-FILESERVER-SVR,6/29/2024,,
KBL-DR-CLUSTER,kbl-dr-esxi-host.kingdombankltd.local,KBL-FILESERVER-SVR,6/30/2024,,
KBL-DR-CLUSTER,kbl-dr-esxi-host.kingdombankltd.local,KBL-FILESERVER-SVR,7/1/2024,,
KBL-DR-CLUSTER,kbl-dr-esxi-host.kingdombankltd.local,KBL-FILESERVER-SVR,7/2/2024,,
KBL-DR-CLUSTER,kbl-dr-esxi-host.kingdombankltd.local,KBL-FILESERVER-SVR,7/3/2024,,
KBL-DR-CLUSTER,kbl-dr-esxi-host.kingdombankltd.local,KBL-FIORANO-LIVE-SVR,6/29/2024,,
KBL-DR-CLUSTER,kbl-dr-esxi-host.kingdombankltd.local,KBL-FIORANO-LIVE-SVR,6/30/2024,,
KBL-DR-CLUSTER,kbl-dr-esxi-host.kingdombankltd.local,KBL-FIORANO-LIVE-SVR,7/1/2024,,
KBL-DR-CLUSTER,kbl-dr-esxi-host.kingdombankltd.local,KBL-FIORANO-LIVE-SVR,7/2/2024,,
KBL-DR-CLUSTER,kbl-dr-esxi-host.kingdombankltd.local,KBL-FIORANO-LIVE-SVR,7/3/2024,,
KBL-DR-CLUSTER,kbl-dr-esxi-host.kingdombankltd.local,KBL-FOREX-DISPLAY-SVR,6/29/2024,,
KBL-DR-CLUSTER,kbl-dr-esxi-host.kingdombankltd.local,KBL-FOREX-DISPLAY-SVR,6/30/2024,,
KBL-DR-CLUSTER,kbl-dr-esxi-host.kingdombankltd.local,KBL-FOREX-DISPLAY-SVR,7/1/2024,,
KBL-DR-CLUSTER,kbl-dr-esxi-host.kingdombankltd.local,KBL-FOREX-DISPLAY-SVR,7/2/2024,,
KBL-DR-CLUSTER,kbl-dr-esxi-host.kingdombankltd.local,KBL-FOREX-DISPLAY-SVR,7/3/2024,,
KBL-DR-CLUSTER,kbl-dr-esxi-host.kingdombankltd.local,KBLHQ_APP.17_SVR,6/29/2024,,
KBL-DR-CLUSTER,kbl-dr-esxi-host.kingdombankltd.local,KBLHQ_APP.17_SVR,6/30/2024,,
KBL-DR-CLUSTER,kbl-dr-esxi-host.kingdombankltd.local,KBLHQ_APP.17_SVR,7/1/2024,,
KBL-DR-CLUSTER,kbl-dr-esxi-host.kingdombankltd.local,KBLHQ_APP.17_SVR,7/2/2024,,
KBL-DR-CLUSTER,kbl-dr-esxi-host.kingdombankltd.local,KBLHQ_APP.17_SVR,7/3/2024,,
KBL-DR-CLUSTER,kbl-dr-esxi-host.kingdombankltd.local,KBLHQ_DB.18_SVR,6/29/2024,,
KBL-DR-CLUSTER,kbl-dr-esxi-host.kingdombankltd.local,KBLHQ_DB.18_SVR,6/30/2024,,
KBL-DR-CLUSTER,kbl-dr-esxi-host.kingdombankltd.local,KBLHQ_DB.18_SVR,7/1/2024,,
KBL-DR-CLUSTER,kbl-dr-esxi-host.kingdombankltd.local,KBLHQ_DB.18_SVR,7/2/2024,,
KBL-DR-CLUSTER,kbl-dr-esxi-host.kingdombankltd.local,KBLHQ_DB.18_SVR,7/3/2024,,
KBL-DR-CLUSTER,kbl-dr-esxi-host.kingdombankltd.local,KBL-IMPERVA-GW-SVR,6/29/2024,,
KBL-DR-CLUSTER,kbl-dr-esxi-host.kingdombankltd.local,KBL-IMPERVA-GW-SVR,6/30/2024,,
KBL-DR-CLUSTER,kbl-dr-esxi-host.kingdombankltd.local,KBL-IMPERVA-GW-SVR,7/1/2024,,
KBL-DR-CLUSTER,kbl-dr-esxi-host.kingdombankltd.local,KBL-IMPERVA-GW-SVR,7/2/2024,,
KBL-DR-CLUSTER,kbl-dr-esxi-host.kingdombankltd.local,KBL-IMPERVA-GW-SVR,7/3/2024,,
KBL-DR-CLUSTER,kbl-dr-esxi-host.kingdombankltd.local,KBL-IMPERVA-LOG-RETENTION-SVR,6/29/2024,,
KBL-DR-CLUSTER,kbl-dr-esxi-host.kingdombankltd.local,KBL-IMPERVA-LOG-RETENTION-SVR,6/30/2024,,
KBL-DR-CLUSTER,kbl-dr-esxi-host.kingdombankltd.local,KBL-IMPERVA-LOG-RETENTION-SVR,7/1/2024,,
KBL-DR-CLUSTER,kbl-dr-esxi-host.kingdombankltd.local,KBL-IMPERVA-LOG-RETENTION-SVR,7/2/2024,,
KBL-DR-CLUSTER,kbl-dr-esxi-host.kingdombankltd.local,KBL-IMPERVA-LOG-RETENTION-SVR,7/3/2024,,
KBL-DR-CLUSTER,kbl-dr-esxi-host.kingdombankltd.local,KBL-IMPERVA-MX-SVR,6/29/2024,,
KBL-DR-CLUSTER,kbl-dr-esxi-host.kingdombankltd.local,KBL-IMPERVA-MX-SVR,6/30/2024,,
KBL-DR-CLUSTER,kbl-dr-esxi-host.kingdombankltd.local,KBL-IMPERVA-MX-SVR,7/1/2024,,
KBL-DR-CLUSTER,kbl-dr-esxi-host.kingdombankltd.local,KBL-IMPERVA-MX-SVR,7/2/2024,,
KBL-DR-CLUSTER,kbl-dr-esxi-host.kingdombankltd.local,KBL-IMPERVA-MX-SVR,7/3/2024,,
KBL-DR-CLUSTER,kbl-dr-esxi-host.kingdombankltd.local,KBL-IPRS-SVR,6/29/2024,,
KBL-DR-CLUSTER,kbl-dr-esxi-host.kingdombankltd.local,KBL-IPRS-SVR,6/30/2024,,
KBL-DR-CLUSTER,kbl-dr-esxi-host.kingdombankltd.local,KBL-IPRS-SVR,7/1/2024,,
KBL-DR-CLUSTER,kbl-dr-esxi-host.kingdombankltd.local,KBL-IPRS-SVR,7/2/2024,,
KBL-DR-CLUSTER,kbl-dr-esxi-host.kingdombankltd.local,KBL-IPRS-SVR,7/3/2024,,
KBL-DR-CLUSTER,kbl-dr-esxi-host.kingdombankltd.local,KBL-KBID-APP-SVR,6/29/2024,,
KBL-DR-CLUSTER,kbl-dr-esxi-host.kingdombankltd.local,KBL-KBID-APP-SVR,6/30/2024,,
KBL-DR-CLUSTER,kbl-dr-esxi-host.kingdombankltd.local,KBL-KBID-APP-SVR,7/1/2024,,
KBL-DR-CLUSTER,kbl-dr-esxi-host.kingdombankltd.local,KBL-KBID-APP-SVR,7/2/2024,,
KBL-DR-CLUSTER,kbl-dr-esxi-host.kingdombankltd.local,KBL-KBID-APP-SVR,7/3/2024,,
KBL-DR-CLUSTER,kbl-dr-esxi-host.kingdombankltd.local,KBL-KBID-DB-SVR,6/29/2024,,
KBL-DR-CLUSTER,kbl-dr-esxi-host.kingdombankltd.local,KBL-KBID-DB-SVR,6/30/2024,,
KBL-DR-CLUSTER,kbl-dr-esxi-host.kingdombankltd.local,KBL-KBID-DB-SVR,7/1/2024,,
KBL-DR-CLUSTER,kbl-dr-esxi-host.kingdombankltd.local,KBL-KBID-DB-SVR,7/2/2024,,
KBL-DR-CLUSTER,kbl-dr-esxi-host.kingdombankltd.local,KBL-KBID-DB-SVR,7/3/2024,,
KBL-DR-CLUSTER,kbl-dr-esxi-host.kingdombankltd.local,KBL-KBID-SVR.27,6/29/2024,,
KBL-DR-CLUSTER,kbl-dr-esxi-host.kingdombankltd.local,KBL-KBID-SVR.27,6/30/2024,,
KBL-DR-CLUSTER,kbl-dr-esxi-host.kingdombankltd.local,KBL-KBID-SVR.27,7/1/2024,,
KBL-DR-CLUSTER,kbl-dr-esxi-host.kingdombankltd.local,KBL-KBID-SVR.27,7/2/2024,,
KBL-DR-CLUSTER,kbl-dr-esxi-host.kingdombankltd.local,KBL-KBID-SVR.27,7/3/2024,,
KBL-DR-CLUSTER,kbl-dr-esxi-host.kingdombankltd.local,KBL-KBTRACKER-SVR,6/29/2024,,
KBL-DR-CLUSTER,kbl-dr-esxi-host.kingdombankltd.local,KBL-KBTRACKER-SVR,6/30/2024,,
KBL-DR-CLUSTER,kbl-dr-esxi-host.kingdombankltd.local,KBL-KBTRACKER-SVR,7/1/2024,,
KBL-DR-CLUSTER,kbl-dr-esxi-host.kingdombankltd.local,KBL-KBTRACKER-SVR,7/2/2024,,
KBL-DR-CLUSTER,kbl-dr-esxi-host.kingdombankltd.local,KBL-KBTRACKER-SVR,7/3/2024,,
KBL-DR-CLUSTER,kbl-dr-esxi-host.kingdombankltd.local,KBL-KRA-ITAX-SVR.162,6/29/2024,,
KBL-DR-CLUSTER,kbl-dr-esxi-host.kingdombankltd.local,KBL-KRA-ITAX-SVR.162,6/30/2024,,
KBL-DR-CLUSTER,kbl-dr-esxi-host.kingdombankltd.local,KBL-KRA-ITAX-SVR.162,7/1/2024,,
KBL-DR-CLUSTER,kbl-dr-esxi-host.kingdombankltd.local,KBL-KRA-ITAX-SVR.162,7/2/2024,,
KBL-DR-CLUSTER,kbl-dr-esxi-host.kingdombankltd.local,KBL-KRA-ITAX-SVR.162,7/3/2024,,
KBL-DR-CLUSTER,kbl-dr-esxi-host.kingdombankltd.local,KBL-NEW-FORTISIEM-COLLECTOR,6/29/2024,,
KBL-DR-CLUSTER,kbl-dr-esxi-host.kingdombankltd.local,KBL-NEW-FORTISIEM-COLLECTOR,6/30/2024,,
KBL-DR-CLUSTER,kbl-dr-esxi-host.kingdombankltd.local,KBL-NEW-FORTISIEM-COLLECTOR,7/1/2024,,
KBL-DR-CLUSTER,kbl-dr-esxi-host.kingdombankltd.local,KBL-NEW-FORTISIEM-COLLECTOR,7/2/2024,,
KBL-DR-CLUSTER,kbl-dr-esxi-host.kingdombankltd.local,KBL-NEW-FORTISIEM-COLLECTOR,7/3/2024,,
KBL-DR-CLUSTER,kbl-dr-esxi-host.kingdombankltd.local,KBL-NOTIFICATION-SVR,6/29/2024,,
KBL-DR-CLUSTER,kbl-dr-esxi-host.kingdombankltd.local,KBL-NOTIFICATION-SVR,6/30/2024,,
KBL-DR-CLUSTER,kbl-dr-esxi-host.kingdombankltd.local,KBL-NOTIFICATION-SVR,7/1/2024,,
KBL-DR-CLUSTER,kbl-dr-esxi-host.kingdombankltd.local,KBL-NOTIFICATION-SVR,7/2/2024,,
KBL-DR-CLUSTER,kbl-dr-esxi-host.kingdombankltd.local,KBL-NOTIFICATION-SVR,7/3/2024,,
KBL-DR-CLUSTER,kbl-dr-esxi-host.kingdombankltd.local,KBL-OKOLEA-SVR_26-LIVE,6/29/2024,,
KBL-DR-CLUSTER,kbl-dr-esxi-host.kingdombankltd.local,KBL-OKOLEA-SVR_26-LIVE,6/30/2024,,
KBL-DR-CLUSTER,kbl-dr-esxi-host.kingdombankltd.local,KBL-OKOLEA-SVR_26-LIVE,7/1/2024,,
KBL-DR-CLUSTER,kbl-dr-esxi-host.kingdombankltd.local,KBL-OKOLEA-SVR_26-LIVE,7/2/2024,,
KBL-DR-CLUSTER,kbl-dr-esxi-host.kingdombankltd.local,KBL-OKOLEA-SVR_26-LIVE,7/3/2024,,
KBL-DR-CLUSTER,kbl-dr-esxi-host.kingdombankltd.local,KBL-OLD-SPS-SVR-NEW,6/29/2024,,
KBL-DR-CLUSTER,kbl-dr-esxi-host.kingdombankltd.local,KBL-OLD-SPS-SVR-NEW,6/30/2024,,
KBL-DR-CLUSTER,kbl-dr-esxi-host.kingdombankltd.local,KBL-OLD-SPS-SVR-NEW,7/1/2024,,
KBL-DR-CLUSTER,kbl-dr-esxi-host.kingdombankltd.local,KBL-OLD-SPS-SVR-NEW,7/2/2024,,
KBL-DR-CLUSTER,kbl-dr-esxi-host.kingdombankltd.local,KBL-OLD-SPS-SVR-NEW,7/3/2024,,
KBL-DR-CLUSTER,kbl-dr-esxi-host.kingdombankltd.local,KBL-PAM1-SVR,6/29/2024,,
KBL-DR-CLUSTER,kbl-dr-esxi-host.kingdombankltd.local,KBL-PAM1-SVR,6/30/2024,,
KBL-DR-CLUSTER,kbl-dr-esxi-host.kingdombankltd.local,KBL-PAM1-SVR,7/1/2024,,
KBL-DR-CLUSTER,kbl-dr-esxi-host.kingdombankltd.local,KBL-PAM1-SVR,7/2/2024,,
KBL-DR-CLUSTER,kbl-dr-esxi-host.kingdombankltd.local,KBL-PAM1-SVR,7/3/2024,,
KBL-DR-CLUSTER,kbl-dr-esxi-host.kingdombankltd.local,KBL-QDESK-SVR,6/29/2024,,
KBL-DR-CLUSTER,kbl-dr-esxi-host.kingdombankltd.local,KBL-QDESK-SVR,6/30/2024,,
KBL-DR-CLUSTER,kbl-dr-esxi-host.kingdombankltd.local,KBL-QDESK-SVR,7/1/2024,,
KBL-DR-CLUSTER,kbl-dr-esxi-host.kingdombankltd.local,KBL-QDESK-SVR,7/2/2024,,
KBL-DR-CLUSTER,kbl-dr-esxi-host.kingdombankltd.local,KBL-QDESK-SVR,7/3/2024,,
KBL-DR-CLUSTER,kbl-dr-esxi-host.kingdombankltd.local,vCLS-5f9a24bc-58ed-4ed0-967c-31da43865cd6,6/29/2024,0.00 %,0.14 %
KBL-DR-CLUSTER,kbl-dr-esxi-host.kingdombankltd.local,vCLS-5f9a24bc-58ed-4ed0-967c-31da43865cd6,6/30/2024,0.00 %,0.14 %
KBL-DR-CLUSTER,kbl-dr-esxi-host.kingdombankltd.local,vCLS-5f9a24bc-58ed-4ed0-967c-31da43865cd6,7/1/2024,0.00 %,0.14 %
KBL-DR-CLUSTER,kbl-dr-esxi-host.kingdombankltd.local,vCLS-5f9a24bc-58ed-4ed0-967c-31da43865cd6,7/2/2024,0.00 %,0.14 %
KBL-DR-CLUSTER,kbl-dr-esxi-host.kingdombankltd.local,vCLS-5f9a24bc-58ed-4ed0-967c-31da43865cd6,7/3/2024,0.00 %,0.14 %
KBL-HQ-CLUSTER,kbl-hq-esxi01.kingdombankltd.local,Bitdefender SVE SVA (kbl-hq-esxi01.kingdombankltd.local),6/29/2024,0.21 %,9.87 %
KBL-HQ-CLUSTER,kbl-hq-esxi01.kingdombankltd.local,Bitdefender SVE SVA (kbl-hq-esxi01.kingdombankltd.local),6/30/2024,0.19 %,9.34 %
KBL-HQ-CLUSTER,kbl-hq-esxi01.kingdombankltd.local,Bitdefender SVE SVA (kbl-hq-esxi01.kingdombankltd.local),7/1/2024,0.19 %,9.29 %
KBL-HQ-CLUSTER,kbl-hq-esxi01.kingdombankltd.local,Bitdefender SVE SVA (kbl-hq-esxi01.kingdombankltd.local),7/2/2024,0.21 %,9.90 %
KBL-HQ-CLUSTER,kbl-hq-esxi01.kingdombankltd.local,Bitdefender SVE SVA (kbl-hq-esxi01.kingdombankltd.local),7/3/2024,0.21 %,10.03 %
KBL-HQ-CLUSTER,kbl-hq-esxi01.kingdombankltd.local,IB_PROXY,6/29/2024,,
KBL-HQ-CLUSTER,kbl-hq-esxi01.kingdombankltd.local,IB_PROXY,6/30/2024,,
KBL-HQ-CLUSTER,kbl-hq-esxi01.kingdombankltd.local,IB_PROXY,7/1/2024,,
KBL-HQ-CLUSTER,kbl-hq-esxi01.kingdombankltd.local,IB_PROXY,7/2/2024,,
KBL-HQ-CLUSTER,kbl-hq-esxi01.kingdombankltd.local,IB_PROXY,7/3/2024,,
KBL-HQ-CLUSTER,kbl-hq-esxi01.kingdombankltd.local,KBL_FORCEPOINT_ANALYTICS_SVR,6/29/2024,0.11 %,1.28 %
KBL-HQ-CLUSTER,kbl-hq-esxi01.kingdombankltd.local,KBL_FORCEPOINT_ANALYTICS_SVR,6/30/2024,0.11 %,1.28 %
KBL-HQ-CLUSTER,kbl-hq-esxi01.kingdombankltd.local,KBL_FORCEPOINT_ANALYTICS_SVR,7/1/2024,0.09 %,1.14 %
KBL-HQ-CLUSTER,kbl-hq-esxi01.kingdombankltd.local,KBL_FORCEPOINT_ANALYTICS_SVR,7/2/2024,0.09 %,1.13 %
KBL-HQ-CLUSTER,kbl-hq-esxi01.kingdombankltd.local,KBL_FORCEPOINT_ANALYTICS_SVR,7/3/2024,0.10 %,1.21 %
KBL-HQ-CLUSTER,kbl-hq-esxi01.kingdombankltd.local,KBL_FORCEPOINT_CLASSIFY_VISIBLE-SVR,6/29/2024,1.98 %,9.50 %
KBL-HQ-CLUSTER,kbl-hq-esxi01.kingdombankltd.local,KBL_FORCEPOINT_CLASSIFY_VISIBLE-SVR,6/30/2024,2.00 %,9.61 %
KBL-HQ-CLUSTER,kbl-hq-esxi01.kingdombankltd.local,KBL_FORCEPOINT_CLASSIFY_VISIBLE-SVR,7/1/2024,1.85 %,8.86 %
KBL-HQ-CLUSTER,kbl-hq-esxi01.kingdombankltd.local,KBL_FORCEPOINT_CLASSIFY_VISIBLE-SVR,7/2/2024,1.86 %,8.91 %
KBL-HQ-CLUSTER,kbl-hq-esxi01.kingdombankltd.local,KBL_FORCEPOINT_CLASSIFY_VISIBLE-SVR,7/3/2024,1.88 %,9.02 %
KBL-HQ-CLUSTER,kbl-hq-esxi01.kingdombankltd.local,KBL_FORCEPOINT_DB_SVR,6/29/2024,0.14 %,1.64 %
KBL-HQ-CLUSTER,kbl-hq-esxi01.kingdombankltd.local,KBL_FORCEPOINT_DB_SVR,6/30/2024,0.04 %,0.53 %
KBL-HQ-CLUSTER,kbl-hq-esxi01.kingdombankltd.local,KBL_FORCEPOINT_DB_SVR,7/1/2024,0.19 %,2.25 %
KBL-HQ-CLUSTER,kbl-hq-esxi01.kingdombankltd.local,KBL_FORCEPOINT_DB_SVR,7/2/2024,0.11 %,1.32 %
KBL-HQ-CLUSTER,kbl-hq-esxi01.kingdombankltd.local,KBL_FORCEPOINT_DB_SVR,7/3/2024,0.08 %,1.00 %
KBL-HQ-CLUSTER,kbl-hq-esxi01.kingdombankltd.local,KBL_FORCEPOINT_DLP_SVR,6/29/2024,0.23 %,2.78 %
KBL-HQ-CLUSTER,kbl-hq-esxi01.kingdombankltd.local,KBL_FORCEPOINT_DLP_SVR,6/30/2024,1.00 %,11.95 %
KBL-HQ-CLUSTER,kbl-hq-esxi01.kingdombankltd.local,KBL_FORCEPOINT_DLP_SVR,7/1/2024,0.06 %,0.70 %
KBL-HQ-CLUSTER,kbl-hq-esxi01.kingdombankltd.local,KBL_FORCEPOINT_DLP_SVR,7/2/2024,0.11 %,1.28 %
KBL-HQ-CLUSTER,kbl-hq-esxi01.kingdombankltd.local,KBL_FORCEPOINT_DLP_SVR,7/3/2024,0.14 %,1.65 %
KBL-HQ-CLUSTER,kbl-hq-esxi01.kingdombankltd.local,KBL_FORCEPOINT_MGMT,6/29/2024,0.30 %,3.59 %
KBL-HQ-CLUSTER,kbl-hq-esxi01.kingdombankltd.local,KBL_FORCEPOINT_MGMT,6/30/2024,0.31 %,3.70 %
KBL-HQ-CLUSTER,kbl-hq-esxi01.kingdombankltd.local,KBL_FORCEPOINT_MGMT,7/1/2024,0.41 %,4.98 %
KBL-HQ-CLUSTER,kbl-hq-esxi01.kingdombankltd.local,KBL_FORCEPOINT_MGMT,7/2/2024,0.32 %,3.89 %
KBL-HQ-CLUSTER,kbl-hq-esxi01.kingdombankltd.local,KBL_FORCEPOINT_MGMT,7/3/2024,0.35 %,4.20 %
KBL-HQ-CLUSTER,kbl-hq-esxi01.kingdombankltd.local,KBL_SPLUNK_POC,6/29/2024,7.37 %,58.94 %
KBL-HQ-CLUSTER,kbl-hq-esxi01.kingdombankltd.local,KBL_SPLUNK_POC,6/30/2024,7.49 %,59.94 %
KBL-HQ-CLUSTER,kbl-hq-esxi01.kingdombankltd.local,KBL_SPLUNK_POC,7/1/2024,5.89 %,47.11 %
KBL-HQ-CLUSTER,kbl-hq-esxi01.kingdombankltd.local,KBL_SPLUNK_POC,7/2/2024,6.05 %,48.40 %
KBL-HQ-CLUSTER,kbl-hq-esxi01.kingdombankltd.local,KBL_SPLUNK_POC,7/3/2024,6.18 %,49.48 %
KBL-HQ-CLUSTER,kbl-hq-esxi01.kingdombankltd.local,KBL-AD-PRI-SVR,6/29/2024,0.29 %,1.74 %
KBL-HQ-CLUSTER,kbl-hq-esxi01.kingdombankltd.local,KBL-AD-PRI-SVR,6/30/2024,0.29 %,1.74 %
KBL-HQ-CLUSTER,kbl-hq-esxi01.kingdombankltd.local,KBL-AD-PRI-SVR,7/1/2024,0.64 %,3.85 %
KBL-HQ-CLUSTER,kbl-hq-esxi01.kingdombankltd.local,KBL-AD-PRI-SVR,7/2/2024,0.51 %,3.09 %
KBL-HQ-CLUSTER,kbl-hq-esxi01.kingdombankltd.local,KBL-AD-PRI-SVR,7/3/2024,0.50 %,3.02 %
KBL-HQ-CLUSTER,kbl-hq-esxi01.kingdombankltd.local,KBL-AJIRA-SVR,6/29/2024,,
KBL-HQ-CLUSTER,kbl-hq-esxi01.kingdombankltd.local,KBL-AJIRA-SVR,6/30/2024,,
KBL-HQ-CLUSTER,kbl-hq-esxi01.kingdombankltd.local,KBL-AJIRA-SVR,7/1/2024,0.06 %,0.34 %
KBL-HQ-CLUSTER,kbl-hq-esxi01.kingdombankltd.local,KBL-AJIRA-SVR,7/2/2024,0.04 %,0.23 %
KBL-HQ-CLUSTER,kbl-hq-esxi01.kingdombankltd.local,KBL-AJIRA-SVR,7/3/2024,0.04 %,0.26 %
KBL-HQ-CLUSTER,kbl-hq-esxi01.kingdombankltd.local,KBL-AML-SVR-TEST,6/29/2024,0.05 %,0.21 %
KBL-HQ-CLUSTER,kbl-hq-esxi01.kingdombankltd.local,KBL-AML-SVR-TEST,6/30/2024,0.07 %,0.29 %
KBL-HQ-CLUSTER,kbl-hq-esxi01.kingdombankltd.local,KBL-AML-SVR-TEST,7/1/2024,0.09 %,0.37 %
KBL-HQ-CLUSTER,kbl-hq-esxi01.kingdombankltd.local,KBL-AML-SVR-TEST,7/2/2024,0.13 %,0.52 %
KBL-HQ-CLUSTER,kbl-hq-esxi01.kingdombankltd.local,KBL-AML-SVR-TEST,7/3/2024,0.09 %,0.35 %
KBL-HQ-CLUSTER,kbl-hq-esxi01.kingdombankltd.local,KBL-ANALYTICS-SVR,6/29/2024,2.75 %,16.50 %
KBL-HQ-CLUSTER,kbl-hq-esxi01.kingdombankltd.local,KBL-ANALYTICS-SVR,6/30/2024,3.24 %,19.42 %
KBL-HQ-CLUSTER,kbl-hq-esxi01.kingdombankltd.local,KBL-ANALYTICS-SVR,7/1/2024,0.78 %,4.66 %
KBL-HQ-CLUSTER,kbl-hq-esxi01.kingdombankltd.local,KBL-ANALYTICS-SVR,7/2/2024,0.82 %,4.93 %
KBL-HQ-CLUSTER,kbl-hq-esxi01.kingdombankltd.local,KBL-ANALYTICS-SVR,7/3/2024,0.85 %,5.10 %
KBL-HQ-CLUSTER,kbl-hq-esxi01.kingdombankltd.local,KBL-BI-NEW-SVR,6/29/2024,1.93 %,5.78 %
KBL-HQ-CLUSTER,kbl-hq-esxi01.kingdombankltd.local,KBL-BI-NEW-SVR,6/30/2024,1.95 %,5.84 %
KBL-HQ-CLUSTER,kbl-hq-esxi01.kingdombankltd.local,KBL-BI-NEW-SVR,7/1/2024,0.65 %,1.95 %
KBL-HQ-CLUSTER,kbl-hq-esxi01.kingdombankltd.local,KBL-BI-NEW-SVR,7/2/2024,1.66 %,4.99 %
KBL-HQ-CLUSTER,kbl-hq-esxi01.kingdombankltd.local,KBL-BI-NEW-SVR,7/3/2024,2.20 %,6.59 %
KBL-HQ-CLUSTER,kbl-hq-esxi01.kingdombankltd.local,KBL-BITDEFENDER-GRAVITYZONE-REPLICASVR1,6/29/2024,0.59 %,14.11 %
KBL-HQ-CLUSTER,kbl-hq-esxi01.kingdombankltd.local,KBL-BITDEFENDER-GRAVITYZONE-REPLICASVR1,6/30/2024,0.58 %,13.84 %
KBL-HQ-CLUSTER,kbl-hq-esxi01.kingdombankltd.local,KBL-BITDEFENDER-GRAVITYZONE-REPLICASVR1,7/1/2024,0.29 %,7.05 %
KBL-HQ-CLUSTER,kbl-hq-esxi01.kingdombankltd.local,KBL-BITDEFENDER-GRAVITYZONE-REPLICASVR1,7/2/2024,0.31 %,7.52 %
KBL-HQ-CLUSTER,kbl-hq-esxi01.kingdombankltd.local,KBL-BITDEFENDER-GRAVITYZONE-REPLICASVR1,7/3/2024,0.32 %,7.66 %
KBL-HQ-CLUSTER,kbl-hq-esxi01.kingdombankltd.local,KBL-BITDEFENDER-GRAVITYZONE-SVR,6/29/2024,1.22 %,14.70 %
KBL-HQ-CLUSTER,kbl-hq-esxi01.kingdombankltd.local,KBL-BITDEFENDER-GRAVITYZONE-SVR,6/30/2024,0.95 %,11.36 %
KBL-HQ-CLUSTER,kbl-hq-esxi01.kingdombankltd.local,KBL-BITDEFENDER-GRAVITYZONE-SVR,7/1/2024,0.97 %,11.69 %
KBL-HQ-CLUSTER,kbl-hq-esxi01.kingdombankltd.local,KBL-BITDEFENDER-GRAVITYZONE-SVR,7/2/2024,1.01 %,12.12 %
KBL-HQ-CLUSTER,kbl-hq-esxi01.kingdombankltd.local,KBL-BITDEFENDER-GRAVITYZONE-SVR,7/3/2024,1.00 %,12.06 %
KBL-HQ-CLUSTER,kbl-hq-esxi01.kingdombankltd.local,KBL-BI-TEST-SVR,6/29/2024,39.27 %,100.00 %
KBL-HQ-CLUSTER,kbl-hq-esxi01.kingdombankltd.local,KBL-BI-TEST-SVR,6/30/2024,34.38 %,92.82 %
KBL-HQ-CLUSTER,kbl-hq-esxi01.kingdombankltd.local,KBL-BI-TEST-SVR,7/1/2024,0.12 %,0.37 %
KBL-HQ-CLUSTER,kbl-hq-esxi01.kingdombankltd.local,KBL-BI-TEST-SVR,7/2/2024,0.18 %,0.54 %
KBL-HQ-CLUSTER,kbl-hq-esxi01.kingdombankltd.local,KBL-BI-TEST-SVR,7/3/2024,0.16 %,0.48 %
KBL-HQ-CLUSTER,kbl-hq-esxi01.kingdombankltd.local,KBL-BR-APP-SVR,6/29/2024,0.04 %,0.23 %
KBL-HQ-CLUSTER,kbl-hq-esxi01.kingdombankltd.local,KBL-BR-APP-SVR,6/30/2024,0.05 %,0.31 %
KBL-HQ-CLUSTER,kbl-hq-esxi01.kingdombankltd.local,KBL-BR-APP-SVR,7/1/2024,3.59 %,21.56 %
KBL-HQ-CLUSTER,kbl-hq-esxi01.kingdombankltd.local,KBL-BR-APP-SVR,7/2/2024,0.17 %,1.03 %
KBL-HQ-CLUSTER,kbl-hq-esxi01.kingdombankltd.local,KBL-BR-APP-SVR,7/3/2024,0.04 %,0.22 %
KBL-HQ-CLUSTER,kbl-hq-esxi01.kingdombankltd.local,KBL-CPPM-PUB-SVR,6/29/2024,0.58 %,6.97 %
KBL-HQ-CLUSTER,kbl-hq-esxi01.kingdombankltd.local,KBL-CPPM-PUB-SVR,6/30/2024,0.58 %,6.95 %
KBL-HQ-CLUSTER,kbl-hq-esxi01.kingdombankltd.local,KBL-CPPM-PUB-SVR,7/1/2024,0.60 %,7.23 %
KBL-HQ-CLUSTER,kbl-hq-esxi01.kingdombankltd.local,KBL-CPPM-PUB-SVR,7/2/2024,0.64 %,7.74 %
KBL-HQ-CLUSTER,kbl-hq-esxi01.kingdombankltd.local,KBL-CPPM-PUB-SVR,7/3/2024,0.57 %,6.81 %
KBL-HQ-CLUSTER,kbl-hq-esxi01.kingdombankltd.local,KBL-CQ-APP-LIVE-SVR,6/29/2024,0.11 %,0.64 %
KBL-HQ-CLUSTER,kbl-hq-esxi01.kingdombankltd.local,KBL-CQ-APP-LIVE-SVR,6/30/2024,0.16 %,0.96 %
KBL-HQ-CLUSTER,kbl-hq-esxi01.kingdombankltd.local,KBL-CQ-APP-LIVE-SVR,7/1/2024,0.12 %,0.71 %
KBL-HQ-CLUSTER,kbl-hq-esxi01.kingdombankltd.local,KBL-CQ-APP-LIVE-SVR,7/2/2024,0.23 %,1.40 %
KBL-HQ-CLUSTER,kbl-hq-esxi01.kingdombankltd.local,KBL-CQ-APP-LIVE-SVR,7/3/2024,0.26 %,1.58 %
KBL-HQ-CLUSTER,kbl-hq-esxi01.kingdombankltd.local,KBL-CQ-APP-TEST-SVR,6/29/2024,,
KBL-HQ-CLUSTER,kbl-hq-esxi01.kingdombankltd.local,KBL-CQ-APP-TEST-SVR,6/30/2024,,
KBL-HQ-CLUSTER,kbl-hq-esxi01.kingdombankltd.local,KBL-CQ-APP-TEST-SVR,7/1/2024,0.19 %,1.17 %
KBL-HQ-CLUSTER,kbl-hq-esxi01.kingdombankltd.local,KBL-CQ-APP-TEST-SVR,7/2/2024,0.04 %,0.21 %
KBL-HQ-CLUSTER,kbl-hq-esxi01.kingdombankltd.local,KBL-CQ-APP-TEST-SVR,7/3/2024,0.04 %,0.21 %
KBL-HQ-CLUSTER,kbl-hq-esxi01.kingdombankltd.local,KBL-CQ-DB-TEST-SVR,6/29/2024,,
KBL-HQ-CLUSTER,kbl-hq-esxi01.kingdombankltd.local,KBL-CQ-DB-TEST-SVR,6/30/2024,,
KBL-HQ-CLUSTER,kbl-hq-esxi01.kingdombankltd.local,KBL-CQ-DB-TEST-SVR,7/1/2024,,
KBL-HQ-CLUSTER,kbl-hq-esxi01.kingdombankltd.local,KBL-CQ-DB-TEST-SVR,7/2/2024,,
KBL-HQ-CLUSTER,kbl-hq-esxi01.kingdombankltd.local,KBL-CQ-DB-TEST-SVR,7/3/2024,,
KBL-HQ-CLUSTER,kbl-hq-esxi01.kingdombankltd.local,KBL-DARKTRACE-VSENSOR-SVR-146,6/29/2024,1.04 %,33.25 %
KBL-HQ-CLUSTER,kbl-hq-esxi01.kingdombankltd.local,KBL-DARKTRACE-VSENSOR-SVR-146,6/30/2024,1.01 %,32.35 %
KBL-HQ-CLUSTER,kbl-hq-esxi01.kingdombankltd.local,KBL-DARKTRACE-VSENSOR-SVR-146,7/1/2024,1.11 %,35.56 %
KBL-HQ-CLUSTER,kbl-hq-esxi01.kingdombankltd.local,KBL-DARKTRACE-VSENSOR-SVR-146,7/2/2024,1.17 %,37.54 %
KBL-HQ-CLUSTER,kbl-hq-esxi01.kingdombankltd.local,KBL-DARKTRACE-VSENSOR-SVR-146,7/3/2024,1.11 %,35.49 %
KBL-HQ-CLUSTER,kbl-hq-esxi01.kingdombankltd.local,KBL-DATAPROTECTION-SVR,6/29/2024,,
KBL-HQ-CLUSTER,kbl-hq-esxi01.kingdombankltd.local,KBL-DATAPROTECTION-SVR,6/30/2024,,
KBL-HQ-CLUSTER,kbl-hq-esxi01.kingdombankltd.local,KBL-DATAPROTECTION-SVR,7/1/2024,,
KBL-HQ-CLUSTER,kbl-hq-esxi01.kingdombankltd.local,KBL-DATAPROTECTION-SVR,7/2/2024,0.02 %,0.10 %
KBL-HQ-CLUSTER,kbl-hq-esxi01.kingdombankltd.local,KBL-DATAPROTECTION-SVR,7/3/2024,0.02 %,0.10 %
KBL-HQ-CLUSTER,kbl-hq-esxi01.kingdombankltd.local,KBL-DHCP-NTP-NFS-SVR-29,6/29/2024,0.12 %,1.47 %
KBL-HQ-CLUSTER,kbl-hq-esxi01.kingdombankltd.local,KBL-DHCP-NTP-NFS-SVR-29,6/30/2024,0.13 %,1.52 %
KBL-HQ-CLUSTER,kbl-hq-esxi01.kingdombankltd.local,KBL-DHCP-NTP-NFS-SVR-29,7/1/2024,0.08 %,0.99 %
KBL-HQ-CLUSTER,kbl-hq-esxi01.kingdombankltd.local,KBL-DHCP-NTP-NFS-SVR-29,7/2/2024,0.08 %,0.93 %
KBL-HQ-CLUSTER,kbl-hq-esxi01.kingdombankltd.local,KBL-DHCP-NTP-NFS-SVR-29,7/3/2024,0.10 %,1.22 %
KBL-HQ-CLUSTER,kbl-hq-esxi01.kingdombankltd.local,KBL-DIGILIFE-LIVE-ADMIN-SVR,6/29/2024,,
KBL-HQ-CLUSTER,kbl-hq-esxi01.kingdombankltd.local,KBL-DIGILIFE-LIVE-ADMIN-SVR,6/30/2024,,
KBL-HQ-CLUSTER,kbl-hq-esxi01.kingdombankltd.local,KBL-DIGILIFE-LIVE-ADMIN-SVR,7/1/2024,0.14 %,1.65 %
KBL-HQ-CLUSTER,kbl-hq-esxi01.kingdombankltd.local,KBL-DIGILIFE-LIVE-ADMIN-SVR,7/2/2024,0.06 %,0.72 %
KBL-HQ-CLUSTER,kbl-hq-esxi01.kingdombankltd.local,KBL-DIGILIFE-LIVE-ADMIN-SVR,7/3/2024,,
KBL-HQ-CLUSTER,kbl-hq-esxi01.kingdombankltd.local,KBL-DIGILIFE-SVR,6/29/2024,0.06 %,0.35 %
KBL-HQ-CLUSTER,kbl-hq-esxi01.kingdombankltd.local,KBL-DIGILIFE-SVR,6/30/2024,0.04 %,0.27 %
KBL-HQ-CLUSTER,kbl-hq-esxi01.kingdombankltd.local,KBL-DIGILIFE-SVR,7/1/2024,0.10 %,0.61 %
KBL-HQ-CLUSTER,kbl-hq-esxi01.kingdombankltd.local,KBL-DIGILIFE-SVR,7/2/2024,0.05 %,0.28 %
KBL-HQ-CLUSTER,kbl-hq-esxi01.kingdombankltd.local,KBL-DIGILIFE-SVR,7/3/2024,0.05 %,0.30 %
KBL-HQ-CLUSTER,kbl-hq-esxi01.kingdombankltd.local,KBL-DIGILIFE-SVR-OLD,6/29/2024,0.40 %,9.67 %
KBL-HQ-CLUSTER,kbl-hq-esxi01.kingdombankltd.local,KBL-DIGILIFE-SVR-OLD,6/30/2024,0.36 %,8.56 %
KBL-HQ-CLUSTER,kbl-hq-esxi01.kingdombankltd.local,KBL-DIGILIFE-SVR-OLD,7/1/2024,0.31 %,7.45 %
KBL-HQ-CLUSTER,kbl-hq-esxi01.kingdombankltd.local,KBL-DIGILIFE-SVR-OLD,7/2/2024,0.35 %,8.42 %
KBL-HQ-CLUSTER,kbl-hq-esxi01.kingdombankltd.local,KBL-DIGILIFE-SVR-OLD,7/3/2024,0.35 %,8.47 %
KBL-HQ-CLUSTER,kbl-hq-esxi01.kingdombankltd.local,KBL-ECREDIT-DEV-SVR,6/29/2024,0.02 %,0.14 %
KBL-HQ-CLUSTER,kbl-hq-esxi01.kingdombankltd.local,KBL-ECREDIT-DEV-SVR,6/30/2024,0.02 %,0.14 %
KBL-HQ-CLUSTER,kbl-hq-esxi01.kingdombankltd.local,KBL-ECREDIT-DEV-SVR,7/1/2024,0.02 %,0.11 %
KBL-HQ-CLUSTER,kbl-hq-esxi01.kingdombankltd.local,KBL-ECREDIT-DEV-SVR,7/2/2024,0.02 %,0.11 %
KBL-HQ-CLUSTER,kbl-hq-esxi01.kingdombankltd.local,KBL-ECREDIT-DEV-SVR,7/3/2024,0.02 %,0.11 %
KBL-HQ-CLUSTER,kbl-hq-esxi01.kingdombankltd.local,KBL-ELASTIC-FLEET-POC-SVR,6/29/2024,0.02 %,0.41 %
KBL-HQ-CLUSTER,kbl-hq-esxi01.kingdombankltd.local,KBL-ELASTIC-FLEET-POC-SVR,6/30/2024,0.02 %,0.42 %
KBL-HQ-CLUSTER,kbl-hq-esxi01.kingdombankltd.local,KBL-ELASTIC-FLEET-POC-SVR,7/1/2024,0.01 %,0.34 %
KBL-HQ-CLUSTER,kbl-hq-esxi01.kingdombankltd.local,KBL-ELASTIC-FLEET-POC-SVR,7/2/2024,0.01 %,0.33 %
KBL-HQ-CLUSTER,kbl-hq-esxi01.kingdombankltd.local,KBL-ELASTIC-FLEET-POC-SVR,7/3/2024,0.01 %,0.33 %
KBL-HQ-CLUSTER,kbl-hq-esxi01.kingdombankltd.local,KBL-ELASTIC-KIBANA-POC-SVR,6/29/2024,0.02 %,0.40 %
KBL-HQ-CLUSTER,kbl-hq-esxi01.kingdombankltd.local,KBL-ELASTIC-KIBANA-POC-SVR,6/30/2024,0.02 %,0.42 %
KBL-HQ-CLUSTER,kbl-hq-esxi01.kingdombankltd.local,KBL-ELASTIC-KIBANA-POC-SVR,7/1/2024,0.01 %,0.32 %
KBL-HQ-CLUSTER,kbl-hq-esxi01.kingdombankltd.local,KBL-ELASTIC-KIBANA-POC-SVR,7/2/2024,0.01 %,0.32 %
KBL-HQ-CLUSTER,kbl-hq-esxi01.kingdombankltd.local,KBL-ELASTIC-KIBANA-POC-SVR,7/3/2024,0.01 %,0.32 %
KBL-HQ-CLUSTER,kbl-hq-esxi01.kingdombankltd.local,KBL-ELMA-SVR,6/29/2024,0.05 %,0.32 %
KBL-HQ-CLUSTER,kbl-hq-esxi01.kingdombankltd.local,KBL-ELMA-SVR,6/30/2024,0.04 %,0.25 %
KBL-HQ-CLUSTER,kbl-hq-esxi01.kingdombankltd.local,KBL-ELMA-SVR,7/1/2024,,
KBL-HQ-CLUSTER,kbl-hq-esxi01.kingdombankltd.local,KBL-ELMA-SVR,7/2/2024,0.03 %,0.17 %
KBL-HQ-CLUSTER,kbl-hq-esxi01.kingdombankltd.local,KBL-ELMA-SVR,7/3/2024,0.03 %,0.15 %
KBL-HQ-CLUSTER,kbl-hq-esxi01.kingdombankltd.local,KBL-EMV-PORTAL-SVR,6/29/2024,0.81 %,9.71 %
KBL-HQ-CLUSTER,kbl-hq-esxi01.kingdombankltd.local,KBL-EMV-PORTAL-SVR,6/30/2024,0.79 %,9.45 %
KBL-HQ-CLUSTER,kbl-hq-esxi01.kingdombankltd.local,KBL-EMV-PORTAL-SVR,7/1/2024,0.06 %,0.70 %
KBL-HQ-CLUSTER,kbl-hq-esxi01.kingdombankltd.local,KBL-EMV-PORTAL-SVR,7/2/2024,0.28 %,3.33 %
KBL-HQ-CLUSTER,kbl-hq-esxi01.kingdombankltd.local,KBL-EMV-PORTAL-SVR,7/3/2024,0.53 %,6.42 %
KBL-HQ-CLUSTER,kbl-hq-esxi01.kingdombankltd.local,KBL-ERP-DEV-SVR,6/29/2024,0.08 %,0.46 %
KBL-HQ-CLUSTER,kbl-hq-esxi01.kingdombankltd.local,KBL-ERP-DEV-SVR,6/30/2024,0.08 %,0.47 %
KBL-HQ-CLUSTER,kbl-hq-esxi01.kingdombankltd.local,KBL-ERP-DEV-SVR,7/1/2024,0.07 %,0.43 %
KBL-HQ-CLUSTER,kbl-hq-esxi01.kingdombankltd.local,KBL-ERP-DEV-SVR,7/2/2024,0.08 %,0.45 %
KBL-HQ-CLUSTER,kbl-hq-esxi01.kingdombankltd.local,KBL-ERP-DEV-SVR,7/3/2024,0.08 %,0.45 %
KBL-HQ-CLUSTER,kbl-hq-esxi01.kingdombankltd.local,KBL-ERP-DEV-SVR-OLD,6/29/2024,,
KBL-HQ-CLUSTER,kbl-hq-esxi01.kingdombankltd.local,KBL-ERP-DEV-SVR-OLD,6/30/2024,,
KBL-HQ-CLUSTER,kbl-hq-esxi01.kingdombankltd.local,KBL-ERP-DEV-SVR-OLD,7/1/2024,0.02 %,0.13 %
KBL-HQ-CLUSTER,kbl-hq-esxi01.kingdombankltd.local,KBL-ERP-DEV-SVR-OLD,7/2/2024,0.02 %,0.14 %
KBL-HQ-CLUSTER,kbl-hq-esxi01.kingdombankltd.local,KBL-ERP-DEV-SVR-OLD,7/3/2024,0.02 %,0.14 %
KBL-HQ-CLUSTER,kbl-hq-esxi01.kingdombankltd.local,KBL-ERP-UAT-SVR,6/29/2024,0.05 %,0.30 %
KBL-HQ-CLUSTER,kbl-hq-esxi01.kingdombankltd.local,KBL-ERP-UAT-SVR,6/30/2024,0.05 %,0.31 %
KBL-HQ-CLUSTER,kbl-hq-esxi01.kingdombankltd.local,KBL-ERP-UAT-SVR,7/1/2024,0.03 %,0.19 %
KBL-HQ-CLUSTER,kbl-hq-esxi01.kingdombankltd.local,KBL-ERP-UAT-SVR,7/2/2024,0.03 %,0.17 %
KBL-HQ-CLUSTER,kbl-hq-esxi01.kingdombankltd.local,KBL-ERP-UAT-SVR,7/3/2024,0.12 %,0.73 %
KBL-HQ-CLUSTER,kbl-hq-esxi01.kingdombankltd.local,KBL-FILESERVER-SVR,6/29/2024,0.08 %,0.49 %
KBL-HQ-CLUSTER,kbl-hq-esxi01.kingdombankltd.local,KBL-FILESERVER-SVR,6/30/2024,0.09 %,0.51 %
KBL-HQ-CLUSTER,kbl-hq-esxi01.kingdombankltd.local,KBL-FILESERVER-SVR,7/1/2024,0.08 %,0.48 %
KBL-HQ-CLUSTER,kbl-hq-esxi01.kingdombankltd.local,KBL-FILESERVER-SVR,7/2/2024,0.11 %,0.67 %
KBL-HQ-CLUSTER,kbl-hq-esxi01.kingdombankltd.local,KBL-FILESERVER-SVR,7/3/2024,0.15 %,0.92 %
KBL-HQ-CLUSTER,kbl-hq-esxi01.kingdombankltd.local,KBL-FIORANO-TEST-SVR,6/29/2024,0.06 %,1.42 %
KBL-HQ-CLUSTER,kbl-hq-esxi01.kingdombankltd.local,KBL-FIORANO-TEST-SVR,6/30/2024,0.06 %,1.41 %
KBL-HQ-CLUSTER,kbl-hq-esxi01.kingdombankltd.local,KBL-FIORANO-TEST-SVR,7/1/2024,0.02 %,0.51 %
KBL-HQ-CLUSTER,kbl-hq-esxi01.kingdombankltd.local,KBL-FIORANO-TEST-SVR,7/2/2024,0.02 %,0.54 %
KBL-HQ-CLUSTER,kbl-hq-esxi01.kingdombankltd.local,KBL-FIORANO-TEST-SVR,7/3/2024,0.05 %,1.16 %
KBL-HQ-CLUSTER,kbl-hq-esxi01.kingdombankltd.local,KBL-FORTIANALYZER-SVR,6/29/2024,0.32 %,3.89 %
KBL-HQ-CLUSTER,kbl-hq-esxi01.kingdombankltd.local,KBL-FORTIANALYZER-SVR,6/30/2024,0.33 %,3.99 %
KBL-HQ-CLUSTER,kbl-hq-esxi01.kingdombankltd.local,KBL-FORTIANALYZER-SVR,7/1/2024,0.29 %,3.54 %
KBL-HQ-CLUSTER,kbl-hq-esxi01.kingdombankltd.local,KBL-FORTIANALYZER-SVR,7/2/2024,0.35 %,4.15 %
KBL-HQ-CLUSTER,kbl-hq-esxi01.kingdombankltd.local,KBL-FORTIANALYZER-SVR,7/3/2024,0.36 %,4.34 %
KBL-HQ-CLUSTER,kbl-hq-esxi01.kingdombankltd.local,KBL-FortiSIEM-Collector,6/29/2024,0.15 %,1.85 %
KBL-HQ-CLUSTER,kbl-hq-esxi01.kingdombankltd.local,KBL-FortiSIEM-Collector,6/30/2024,0.14 %,1.66 %
KBL-HQ-CLUSTER,kbl-hq-esxi01.kingdombankltd.local,KBL-FortiSIEM-Collector,7/1/2024,0.14 %,1.67 %
KBL-HQ-CLUSTER,kbl-hq-esxi01.kingdombankltd.local,KBL-FortiSIEM-Collector,7/2/2024,0.15 %,1.75 %
KBL-HQ-CLUSTER,kbl-hq-esxi01.kingdombankltd.local,KBL-FortiSIEM-Collector,7/3/2024,0.14 %,1.67 %
KBL-HQ-CLUSTER,kbl-hq-esxi01.kingdombankltd.local,KBL-HCO-DPA-DB-SVR,6/29/2024,0.20 %,3.24 %
KBL-HQ-CLUSTER,kbl-hq-esxi01.kingdombankltd.local,KBL-HCO-DPA-DB-SVR,6/30/2024,0.19 %,3.01 %
KBL-HQ-CLUSTER,kbl-hq-esxi01.kingdombankltd.local,KBL-HCO-DPA-DB-SVR,7/1/2024,0.19 %,3.10 %
KBL-HQ-CLUSTER,kbl-hq-esxi01.kingdombankltd.local,KBL-HCO-DPA-DB-SVR,7/2/2024,0.19 %,2.97 %
KBL-HQ-CLUSTER,kbl-hq-esxi01.kingdombankltd.local,KBL-HCO-DPA-DB-SVR,7/3/2024,0.18 %,2.93 %
KBL-HQ-CLUSTER,kbl-hq-esxi01.kingdombankltd.local,KBL-HCO-DPA-SVR,6/29/2024,0.06 %,0.33 %
KBL-HQ-CLUSTER,kbl-hq-esxi01.kingdombankltd.local,KBL-HCO-DPA-SVR,6/30/2024,0.08 %,0.46 %
KBL-HQ-CLUSTER,kbl-hq-esxi01.kingdombankltd.local,KBL-HCO-DPA-SVR,7/1/2024,0.29 %,1.74 %
KBL-HQ-CLUSTER,kbl-hq-esxi01.kingdombankltd.local,KBL-HCO-DPA-SVR,7/2/2024,0.12 %,0.71 %
KBL-HQ-CLUSTER,kbl-hq-esxi01.kingdombankltd.local,KBL-HCO-DPA-SVR,7/3/2024,0.09 %,0.52 %
KBL-HQ-CLUSTER,kbl-hq-esxi01.kingdombankltd.local,KBL-HCO-DPA-SVR-TEST,6/29/2024,,
KBL-HQ-CLUSTER,kbl-hq-esxi01.kingdombankltd.local,KBL-HCO-DPA-SVR-TEST,6/30/2024,,
KBL-HQ-CLUSTER,kbl-hq-esxi01.kingdombankltd.local,KBL-HCO-DPA-SVR-TEST,7/1/2024,0.06 %,0.76 %
KBL-HQ-CLUSTER,kbl-hq-esxi01.kingdombankltd.local,KBL-HCO-DPA-SVR-TEST,7/2/2024,0.03 %,0.38 %
KBL-HQ-CLUSTER,kbl-hq-esxi01.kingdombankltd.local,KBL-HCO-DPA-SVR-TEST,7/3/2024,0.03 %,0.36 %
KBL-HQ-CLUSTER,kbl-hq-esxi01.kingdombankltd.local,KBL-IBOSS-NETWORK-CONNECTOR,6/29/2024,0.03 %,0.22 %
KBL-HQ-CLUSTER,kbl-hq-esxi01.kingdombankltd.local,KBL-IBOSS-NETWORK-CONNECTOR,6/30/2024,0.03 %,0.22 %
KBL-HQ-CLUSTER,kbl-hq-esxi01.kingdombankltd.local,KBL-IBOSS-NETWORK-CONNECTOR,7/1/2024,0.03 %,0.23 %
KBL-HQ-CLUSTER,kbl-hq-esxi01.kingdombankltd.local,KBL-IBOSS-NETWORK-CONNECTOR,7/2/2024,0.03 %,0.22 %
KBL-HQ-CLUSTER,kbl-hq-esxi01.kingdombankltd.local,KBL-IBOSS-NETWORK-CONNECTOR,7/3/2024,0.03 %,0.23 %
KBL-HQ-CLUSTER,kbl-hq-esxi01.kingdombankltd.local,KBL-IMPERVA-GW-SVR,6/29/2024,0.27 %,6.46 %
KBL-HQ-CLUSTER,kbl-hq-esxi01.kingdombankltd.local,KBL-IMPERVA-GW-SVR,6/30/2024,0.24 %,5.85 %
KBL-HQ-CLUSTER,kbl-hq-esxi01.kingdombankltd.local,KBL-IMPERVA-GW-SVR,7/1/2024,0.24 %,5.73 %
KBL-HQ-CLUSTER,kbl-hq-esxi01.kingdombankltd.local,KBL-IMPERVA-GW-SVR,7/2/2024,0.27 %,6.60 %
KBL-HQ-CLUSTER,kbl-hq-esxi01.kingdombankltd.local,KBL-IMPERVA-GW-SVR,7/3/2024,0.25 %,6.04 %
KBL-HQ-CLUSTER,kbl-hq-esxi01.kingdombankltd.local,KBL-IPRS-SVR-OLD,6/29/2024,0.09 %,1.13 %
KBL-HQ-CLUSTER,kbl-hq-esxi01.kingdombankltd.local,KBL-IPRS-SVR-OLD,6/30/2024,0.10 %,1.15 %
KBL-HQ-CLUSTER,kbl-hq-esxi01.kingdombankltd.local,KBL-IPRS-SVR-OLD,7/1/2024,,
KBL-HQ-CLUSTER,kbl-hq-esxi01.kingdombankltd.local,KBL-IPRS-SVR-OLD,7/2/2024,0.03 %,0.40 %
KBL-HQ-CLUSTER,kbl-hq-esxi01.kingdombankltd.local,KBL-IPRS-SVR-OLD,7/3/2024,0.03 %,0.39 %
KBL-HQ-CLUSTER,kbl-hq-esxi01.kingdombankltd.local,KBL-IPSL-SVR,6/29/2024,0.11 %,1.31 %
KBL-HQ-CLUSTER,kbl-hq-esxi01.kingdombankltd.local,KBL-IPSL-SVR,6/30/2024,0.14 %,1.64 %
KBL-HQ-CLUSTER,kbl-hq-esxi01.kingdombankltd.local,KBL-IPSL-SVR,7/1/2024,,
KBL-HQ-CLUSTER,kbl-hq-esxi01.kingdombankltd.local,KBL-IPSL-SVR,7/2/2024,0.09 %,1.08 %
KBL-HQ-CLUSTER,kbl-hq-esxi01.kingdombankltd.local,KBL-IPSL-SVR,7/3/2024,0.05 %,0.56 %
KBL-HQ-CLUSTER,kbl-hq-esxi01.kingdombankltd.local,KBL-KBID-API-GATEWAY-SVR,6/29/2024,,
KBL-HQ-CLUSTER,kbl-hq-esxi01.kingdombankltd.local,KBL-KBID-API-GATEWAY-SVR,6/30/2024,,
KBL-HQ-CLUSTER,kbl-hq-esxi01.kingdombankltd.local,KBL-KBID-API-GATEWAY-SVR,7/1/2024,0.24 %,2.89 %
KBL-HQ-CLUSTER,kbl-hq-esxi01.kingdombankltd.local,KBL-KBID-API-GATEWAY-SVR,7/2/2024,0.06 %,0.75 %
KBL-HQ-CLUSTER,kbl-hq-esxi01.kingdombankltd.local,KBL-KBID-API-GATEWAY-SVR,7/3/2024,,
KBL-HQ-CLUSTER,kbl-hq-esxi01.kingdombankltd.local,KBL-KBID-DB-TEST1-SVR,6/29/2024,0.03 %,0.33 %
KBL-HQ-CLUSTER,kbl-hq-esxi01.kingdombankltd.local,KBL-KBID-DB-TEST1-SVR,6/30/2024,0.03 %,0.33 %
KBL-HQ-CLUSTER,kbl-hq-esxi01.kingdombankltd.local,KBL-KBID-DB-TEST1-SVR,7/1/2024,0.02 %,0.26 %
KBL-HQ-CLUSTER,kbl-hq-esxi01.kingdombankltd.local,KBL-KBID-DB-TEST1-SVR,7/2/2024,0.02 %,0.28 %
KBL-HQ-CLUSTER,kbl-hq-esxi01.kingdombankltd.local,KBL-KBID-DB-TEST1-SVR,7/3/2024,0.02 %,0.30 %
KBL-HQ-CLUSTER,kbl-hq-esxi01.kingdombankltd.local,KBL-KPRINTER-LIVE-SVR,6/29/2024,0.09 %,0.54 %
KBL-HQ-CLUSTER,kbl-hq-esxi01.kingdombankltd.local,KBL-KPRINTER-LIVE-SVR,6/30/2024,0.12 %,0.71 %
KBL-HQ-CLUSTER,kbl-hq-esxi01.kingdombankltd.local,KBL-KPRINTER-LIVE-SVR,7/1/2024,0.10 %,0.60 %
KBL-HQ-CLUSTER,kbl-hq-esxi01.kingdombankltd.local,KBL-KPRINTER-LIVE-SVR,7/2/2024,0.18 %,1.06 %
KBL-HQ-CLUSTER,kbl-hq-esxi01.kingdombankltd.local,KBL-KPRINTER-LIVE-SVR,7/3/2024,0.16 %,0.94 %
KBL-HQ-CLUSTER,kbl-hq-esxi01.kingdombankltd.local,KBL-LEASING-APP-SVR,6/29/2024,0.03 %,0.37 %
KBL-HQ-CLUSTER,kbl-hq-esxi01.kingdombankltd.local,KBL-LEASING-APP-SVR,6/30/2024,0.03 %,0.38 %
KBL-HQ-CLUSTER,kbl-hq-esxi01.kingdombankltd.local,KBL-LEASING-APP-SVR,7/1/2024,0.08 %,0.94 %
KBL-HQ-CLUSTER,kbl-hq-esxi01.kingdombankltd.local,KBL-LEASING-APP-SVR,7/2/2024,0.08 %,0.97 %
KBL-HQ-CLUSTER,kbl-hq-esxi01.kingdombankltd.local,KBL-LEASING-APP-SVR,7/3/2024,0.09 %,1.02 %
KBL-HQ-CLUSTER,kbl-hq-esxi01.kingdombankltd.local,KBL-NEW-NOTIFICATION-SVR,6/29/2024,,
KBL-HQ-CLUSTER,kbl-hq-esxi01.kingdombankltd.local,KBL-NEW-NOTIFICATION-SVR,6/30/2024,,
KBL-HQ-CLUSTER,kbl-hq-esxi01.kingdombankltd.local,KBL-NEW-NOTIFICATION-SVR,7/1/2024,0.10 %,1.19 %
KBL-HQ-CLUSTER,kbl-hq-esxi01.kingdombankltd.local,KBL-NEW-NOTIFICATION-SVR,7/2/2024,0.10 %,1.23 %
KBL-HQ-CLUSTER,kbl-hq-esxi01.kingdombankltd.local,KBL-NEW-NOTIFICATION-SVR,7/3/2024,,
KBL-HQ-CLUSTER,kbl-hq-esxi01.kingdombankltd.local,KBL-NTP-SVR,6/29/2024,,
KBL-HQ-CLUSTER,kbl-hq-esxi01.kingdombankltd.local,KBL-NTP-SVR,6/30/2024,,
KBL-HQ-CLUSTER,kbl-hq-esxi01.kingdombankltd.local,KBL-NTP-SVR,7/1/2024,0.02 %,0.23 %
KBL-HQ-CLUSTER,kbl-hq-esxi01.kingdombankltd.local,KBL-NTP-SVR,7/2/2024,0.01 %,0.16 %
KBL-HQ-CLUSTER,kbl-hq-esxi01.kingdombankltd.local,KBL-NTP-SVR,7/3/2024,0.01 %,0.17 %
KBL-HQ-CLUSTER,kbl-hq-esxi01.kingdombankltd.local,KBL-OKOLEA-API-SVR,6/29/2024,0.11 %,0.68 %
KBL-HQ-CLUSTER,kbl-hq-esxi01.kingdombankltd.local,KBL-OKOLEA-API-SVR,6/30/2024,0.11 %,0.63 %
KBL-HQ-CLUSTER,kbl-hq-esxi01.kingdombankltd.local,KBL-OKOLEA-API-SVR,7/1/2024,0.03 %,0.16 %
KBL-HQ-CLUSTER,kbl-hq-esxi01.kingdombankltd.local,KBL-OKOLEA-API-SVR,7/2/2024,0.03 %,0.19 %
KBL-HQ-CLUSTER,kbl-hq-esxi01.kingdombankltd.local,KBL-OKOLEA-API-SVR,7/3/2024,0.04 %,0.24 %
KBL-HQ-CLUSTER,kbl-hq-esxi01.kingdombankltd.local,KBL-OKOLEA-REPLICA3-SVR,6/29/2024,0.03 %,0.18 %
KBL-HQ-CLUSTER,kbl-hq-esxi01.kingdombankltd.local,KBL-OKOLEA-REPLICA3-SVR,6/30/2024,0.03 %,0.18 %
KBL-HQ-CLUSTER,kbl-hq-esxi01.kingdombankltd.local,KBL-OKOLEA-REPLICA3-SVR,7/1/2024,,
KBL-HQ-CLUSTER,kbl-hq-esxi01.kingdombankltd.local,KBL-OKOLEA-REPLICA3-SVR,7/2/2024,0.03 %,0.19 %
KBL-HQ-CLUSTER,kbl-hq-esxi01.kingdombankltd.local,KBL-OKOLEA-REPLICA3-SVR,7/3/2024,0.03 %,0.19 %
KBL-HQ-CLUSTER,kbl-hq-esxi01.kingdombankltd.local,KBL-OKOLEA-SVR_26-LIVE,6/29/2024,0.07 %,0.21 %
KBL-HQ-CLUSTER,kbl-hq-esxi01.kingdombankltd.local,KBL-OKOLEA-SVR_26-LIVE,6/30/2024,0.13 %,0.40 %
KBL-HQ-CLUSTER,kbl-hq-esxi01.kingdombankltd.local,KBL-OKOLEA-SVR_26-LIVE,7/1/2024,,
KBL-HQ-CLUSTER,kbl-hq-esxi01.kingdombankltd.local,KBL-OKOLEA-SVR_26-LIVE,7/2/2024,0.20 %,0.59 %
KBL-HQ-CLUSTER,kbl-hq-esxi01.kingdombankltd.local,KBL-OKOLEA-SVR_26-LIVE,7/3/2024,0.20 %,0.59 %
KBL-HQ-CLUSTER,kbl-hq-esxi01.kingdombankltd.local,KBL-OLD-COMPILER-SVR,6/29/2024,0.14 %,0.86 %
KBL-HQ-CLUSTER,kbl-hq-esxi01.kingdombankltd.local,KBL-OLD-COMPILER-SVR,6/30/2024,0.14 %,0.85 %
KBL-HQ-CLUSTER,kbl-hq-esxi01.kingdombankltd.local,KBL-OLD-COMPILER-SVR,7/1/2024,,
KBL-HQ-CLUSTER,kbl-hq-esxi01.kingdombankltd.local,KBL-OLD-COMPILER-SVR,7/2/2024,0.08 %,0.50 %
KBL-HQ-CLUSTER,kbl-hq-esxi01.kingdombankltd.local,KBL-OLD-COMPILER-SVR,7/3/2024,0.08 %,0.46 %
KBL-HQ-CLUSTER,kbl-hq-esxi01.kingdombankltd.local,KBL-PAM1-SVR,6/29/2024,0.65 %,7.79 %
KBL-HQ-CLUSTER,kbl-hq-esxi01.kingdombankltd.local,KBL-PAM1-SVR,6/30/2024,0.67 %,8.05 %
KBL-HQ-CLUSTER,kbl-hq-esxi01.kingdombankltd.local,KBL-PAM1-SVR,7/1/2024,0.81 %,9.71 %
KBL-HQ-CLUSTER,kbl-hq-esxi01.kingdombankltd.local,KBL-PAM1-SVR,7/2/2024,1.46 %,17.50 %
KBL-HQ-CLUSTER,kbl-hq-esxi01.kingdombankltd.local,KBL-PAM1-SVR,7/3/2024,0.89 %,10.65 %
KBL-HQ-CLUSTER,kbl-hq-esxi01.kingdombankltd.local,KBL-PAM2-SVR,6/29/2024,0.07 %,0.81 %
KBL-HQ-CLUSTER,kbl-hq-esxi01.kingdombankltd.local,KBL-PAM2-SVR,6/30/2024,0.07 %,0.81 %
KBL-HQ-CLUSTER,kbl-hq-esxi01.kingdombankltd.local,KBL-PAM2-SVR,7/1/2024,0.26 %,3.11 %
KBL-HQ-CLUSTER,kbl-hq-esxi01.kingdombankltd.local,KBL-PAM2-SVR,7/2/2024,0.25 %,3.00 %
KBL-HQ-CLUSTER,kbl-hq-esxi01.kingdombankltd.local,KBL-PAM2-SVR,7/3/2024,0.34 %,4.10 %
KBL-HQ-CLUSTER,kbl-hq-esxi01.kingdombankltd.local,KBL-PORTAL-WIN-DB-SVR,6/29/2024,0.04 %,0.48 %
KBL-HQ-CLUSTER,kbl-hq-esxi01.kingdombankltd.local,KBL-PORTAL-WIN-DB-SVR,6/30/2024,0.04 %,0.50 %
KBL-HQ-CLUSTER,kbl-hq-esxi01.kingdombankltd.local,KBL-PORTAL-WIN-DB-SVR,7/1/2024,0.05 %,0.57 %
KBL-HQ-CLUSTER,kbl-hq-esxi01.kingdombankltd.local,KBL-PORTAL-WIN-DB-SVR,7/2/2024,0.04 %,0.51 %
KBL-HQ-CLUSTER,kbl-hq-esxi01.kingdombankltd.local,KBL-PORTAL-WIN-DB-SVR,7/3/2024,0.05 %,0.57 %
KBL-HQ-CLUSTER,kbl-hq-esxi01.kingdombankltd.local,KBL-PROXY-BR-DB-SVR,6/29/2024,0.06 %,0.24 %
KBL-HQ-CLUSTER,kbl-hq-esxi01.kingdombankltd.local,KBL-PROXY-BR-DB-SVR,6/30/2024,0.05 %,0.21 %
KBL-HQ-CLUSTER,kbl-hq-esxi01.kingdombankltd.local,KBL-PROXY-BR-DB-SVR,7/1/2024,,
KBL-HQ-CLUSTER,kbl-hq-esxi01.kingdombankltd.local,KBL-PROXY-BR-DB-SVR,7/2/2024,0.08 %,0.33 %
KBL-HQ-CLUSTER,kbl-hq-esxi01.kingdombankltd.local,KBL-PROXY-BR-DB-SVR,7/3/2024,0.08 %,0.31 %
KBL-HQ-CLUSTER,kbl-hq-esxi01.kingdombankltd.local,KBL-SCANNERS-SVR,6/29/2024,0.01 %,0.48 %
KBL-HQ-CLUSTER,kbl-hq-esxi01.kingdombankltd.local,KBL-SCANNERS-SVR,6/30/2024,0.01 %,0.49 %
KBL-HQ-CLUSTER,kbl-hq-esxi01.kingdombankltd.local,KBL-SCANNERS-SVR,7/1/2024,0.12 %,5.77 %
KBL-HQ-CLUSTER,kbl-hq-esxi01.kingdombankltd.local,KBL-SCANNERS-SVR,7/2/2024,0.01 %,0.52 %
KBL-HQ-CLUSTER,kbl-hq-esxi01.kingdombankltd.local,KBL-SCANNERS-SVR,7/3/2024,0.01 %,0.54 %
KBL-HQ-CLUSTER,kbl-hq-esxi01.kingdombankltd.local,KBL-SMARTCOLLECT-API-SVR,6/29/2024,0.04 %,0.52 %
KBL-HQ-CLUSTER,kbl-hq-esxi01.kingdombankltd.local,KBL-SMARTCOLLECT-API-SVR,6/30/2024,0.04 %,0.47 %
KBL-HQ-CLUSTER,kbl-hq-esxi01.kingdombankltd.local,KBL-SMARTCOLLECT-API-SVR,7/1/2024,0.05 %,0.56 %
KBL-HQ-CLUSTER,kbl-hq-esxi01.kingdombankltd.local,KBL-SMARTCOLLECT-API-SVR,7/2/2024,0.04 %,0.48 %
KBL-HQ-CLUSTER,kbl-hq-esxi01.kingdombankltd.local,KBL-SMARTCOLLECT-API-SVR,7/3/2024,0.04 %,0.52 %
KBL-HQ-CLUSTER,kbl-hq-esxi01.kingdombankltd.local,KBL-SMARTCOLLECT-DB-LINUX-SVR,6/29/2024,0.13 %,1.56 %
KBL-HQ-CLUSTER,kbl-hq-esxi01.kingdombankltd.local,KBL-SMARTCOLLECT-DB-LINUX-SVR,6/30/2024,0.13 %,1.53 %
KBL-HQ-CLUSTER,kbl-hq-esxi01.kingdombankltd.local,KBL-SMARTCOLLECT-DB-LINUX-SVR,7/1/2024,0.05 %,0.57 %
KBL-HQ-CLUSTER,kbl-hq-esxi01.kingdombankltd.local,KBL-SMARTCOLLECT-DB-LINUX-SVR,7/2/2024,0.05 %,0.59 %
KBL-HQ-CLUSTER,kbl-hq-esxi01.kingdombankltd.local,KBL-SMARTCOLLECT-DB-LINUX-SVR,7/3/2024,0.05 %,0.64 %
KBL-HQ-CLUSTER,kbl-hq-esxi01.kingdombankltd.local,KBL-SPS-TEST-SVR,6/29/2024,0.14 %,0.85 %
KBL-HQ-CLUSTER,kbl-hq-esxi01.kingdombankltd.local,KBL-SPS-TEST-SVR,6/30/2024,0.87 %,5.21 %
KBL-HQ-CLUSTER,kbl-hq-esxi01.kingdombankltd.local,KBL-SPS-TEST-SVR,7/1/2024,0.05 %,0.33 %
KBL-HQ-CLUSTER,kbl-hq-esxi01.kingdombankltd.local,KBL-SPS-TEST-SVR,7/2/2024,0.06 %,0.34 %
KBL-HQ-CLUSTER,kbl-hq-esxi01.kingdombankltd.local,KBL-SPS-TEST-SVR,7/3/2024,0.05 %,0.33 %
KBL-HQ-CLUSTER,kbl-hq-esxi01.kingdombankltd.local,KBL-SWIFT.34-SVR,6/29/2024,0.49 %,46.89 %
KBL-HQ-CLUSTER,kbl-hq-esxi01.kingdombankltd.local,KBL-SWIFT.34-SVR,6/30/2024,0.49 %,47.07 %
KBL-HQ-CLUSTER,kbl-hq-esxi01.kingdombankltd.local,KBL-SWIFT.34-SVR,7/1/2024,0.46 %,44.57 %
KBL-HQ-CLUSTER,kbl-hq-esxi01.kingdombankltd.local,KBL-SWIFT.34-SVR,7/2/2024,0.49 %,47.04 %
KBL-HQ-CLUSTER,kbl-hq-esxi01.kingdombankltd.local,KBL-SWIFT.34-SVR,7/3/2024,0.50 %,48.09 %
KBL-HQ-CLUSTER,kbl-hq-esxi01.kingdombankltd.local,KBL-VEEAM-ONE-ACCELERATOR-SVR,6/29/2024,,
KBL-HQ-CLUSTER,kbl-hq-esxi01.kingdombankltd.local,KBL-VEEAM-ONE-ACCELERATOR-SVR,6/30/2024,,
KBL-HQ-CLUSTER,kbl-hq-esxi01.kingdombankltd.local,KBL-VEEAM-ONE-ACCELERATOR-SVR,7/1/2024,,
KBL-HQ-CLUSTER,kbl-hq-esxi01.kingdombankltd.local,KBL-VEEAM-ONE-ACCELERATOR-SVR,7/2/2024,0.06 %,0.33 %
KBL-HQ-CLUSTER,kbl-hq-esxi01.kingdombankltd.local,KBL-VEEAM-ONE-ACCELERATOR-SVR,7/3/2024,0.04 %,0.21 %
KBL-HQ-CLUSTER,kbl-hq-esxi01.kingdombankltd.local,P2V,6/29/2024,,
KBL-HQ-CLUSTER,kbl-hq-esxi01.kingdombankltd.local,P2V,6/30/2024,,
KBL-HQ-CLUSTER,kbl-hq-esxi01.kingdombankltd.local,P2V,7/1/2024,,
KBL-HQ-CLUSTER,kbl-hq-esxi01.kingdombankltd.local,P2V,7/2/2024,,
KBL-HQ-CLUSTER,kbl-hq-esxi01.kingdombankltd.local,P2V,7/3/2024,,
KBL-HQ-CLUSTER,kbl-hq-esxi01.kingdombankltd.local,vCLS-c9655264-698b-40a0-a430-f23e05e4f7ef,6/29/2024,0.01 %,0.57 %
KBL-HQ-CLUSTER,kbl-hq-esxi01.kingdombankltd.local,vCLS-c9655264-698b-40a0-a430-f23e05e4f7ef,6/30/2024,0.01 %,0.58 %
KBL-HQ-CLUSTER,kbl-hq-esxi01.kingdombankltd.local,vCLS-c9655264-698b-40a0-a430-f23e05e4f7ef,7/1/2024,0.00 %,0.25 %
KBL-HQ-CLUSTER,kbl-hq-esxi01.kingdombankltd.local,vCLS-c9655264-698b-40a0-a430-f23e05e4f7ef,7/2/2024,0.00 %,0.25 %
KBL-HQ-CLUSTER,kbl-hq-esxi01.kingdombankltd.local,vCLS-c9655264-698b-40a0-a430-f23e05e4f7ef,7/3/2024,0.00 %,0.25 %
KBL-HQ-CLUSTER,kbl-hq-esxi02.kingdombankltd.local,Bitdefender SVE SVA (kbl-hq-esxi02.kingdombankltd.local),6/29/2024,0.05 %,2.64 %
KBL-HQ-CLUSTER,kbl-hq-esxi02.kingdombankltd.local,Bitdefender SVE SVA (kbl-hq-esxi02.kingdombankltd.local),6/30/2024,0.05 %,2.25 %
KBL-HQ-CLUSTER,kbl-hq-esxi02.kingdombankltd.local,Bitdefender SVE SVA (kbl-hq-esxi02.kingdombankltd.local),7/1/2024,0.07 %,3.27 %
KBL-HQ-CLUSTER,kbl-hq-esxi02.kingdombankltd.local,Bitdefender SVE SVA (kbl-hq-esxi02.kingdombankltd.local),7/2/2024,0.05 %,2.25 %
KBL-HQ-CLUSTER,kbl-hq-esxi02.kingdombankltd.local,Bitdefender SVE SVA (kbl-hq-esxi02.kingdombankltd.local),7/3/2024,0.05 %,2.25 %
KBL-HQ-CLUSTER,kbl-hq-esxi02.kingdombankltd.local,JBBHQ_SVR22.11_SVR,6/29/2024,,
KBL-HQ-CLUSTER,kbl-hq-esxi02.kingdombankltd.local,JBBHQ_SVR22.11_SVR,6/30/2024,,
KBL-HQ-CLUSTER,kbl-hq-esxi02.kingdombankltd.local,JBBHQ_SVR22.11_SVR,7/1/2024,,
KBL-HQ-CLUSTER,kbl-hq-esxi02.kingdombankltd.local,JBBHQ_SVR22.11_SVR,7/2/2024,,
KBL-HQ-CLUSTER,kbl-hq-esxi02.kingdombankltd.local,JBBHQ_SVR22.11_SVR,7/3/2024,,
KBL-HQ-CLUSTER,kbl-hq-esxi02.kingdombankltd.local,KBL_SECURITY_ONION,6/29/2024,1.91 %,7.65 %
KBL-HQ-CLUSTER,kbl-hq-esxi02.kingdombankltd.local,KBL_SECURITY_ONION,6/30/2024,1.99 %,7.96 %
KBL-HQ-CLUSTER,kbl-hq-esxi02.kingdombankltd.local,KBL_SECURITY_ONION,7/1/2024,0.13 %,0.54 %
KBL-HQ-CLUSTER,kbl-hq-esxi02.kingdombankltd.local,KBL_SECURITY_ONION,7/2/2024,1.09 %,4.37 %
KBL-HQ-CLUSTER,kbl-hq-esxi02.kingdombankltd.local,KBL_SECURITY_ONION,7/3/2024,1.89 %,7.56 %
KBL-HQ-CLUSTER,kbl-hq-esxi02.kingdombankltd.local,KBL-AD-DR-SVR,6/29/2024,0.04 %,0.23 %
KBL-HQ-CLUSTER,kbl-hq-esxi02.kingdombankltd.local,KBL-AD-DR-SVR,6/30/2024,0.05 %,0.28 %
KBL-HQ-CLUSTER,kbl-hq-esxi02.kingdombankltd.local,KBL-AD-DR-SVR,7/1/2024,,
KBL-HQ-CLUSTER,kbl-hq-esxi02.kingdombankltd.local,KBL-AD-DR-SVR,7/2/2024,,
KBL-HQ-CLUSTER,kbl-hq-esxi02.kingdombankltd.local,KBL-AD-DR-SVR,7/3/2024,,
KBL-HQ-CLUSTER,kbl-hq-esxi02.kingdombankltd.local,KBL-AD-SEC-SVR,6/29/2024,0.37 %,2.21 %
KBL-HQ-CLUSTER,kbl-hq-esxi02.kingdombankltd.local,KBL-AD-SEC-SVR,6/30/2024,0.37 %,2.20 %
KBL-HQ-CLUSTER,kbl-hq-esxi02.kingdombankltd.local,KBL-AD-SEC-SVR,7/1/2024,0.25 %,1.51 %
KBL-HQ-CLUSTER,kbl-hq-esxi02.kingdombankltd.local,KBL-AD-SEC-SVR,7/2/2024,0.21 %,1.26 %
KBL-HQ-CLUSTER,kbl-hq-esxi02.kingdombankltd.local,KBL-AD-SEC-SVR,7/3/2024,0.22 %,1.33 %
KBL-HQ-CLUSTER,kbl-hq-esxi02.kingdombankltd.local,KBL-AJIRA-SVR-OLD,6/29/2024,0.03 %,0.37 %
KBL-HQ-CLUSTER,kbl-hq-esxi02.kingdombankltd.local,KBL-AJIRA-SVR-OLD,6/30/2024,0.03 %,0.38 %
KBL-HQ-CLUSTER,kbl-hq-esxi02.kingdombankltd.local,KBL-AJIRA-SVR-OLD,7/1/2024,0.19 %,2.29 %
KBL-HQ-CLUSTER,kbl-hq-esxi02.kingdombankltd.local,KBL-AJIRA-SVR-OLD,7/2/2024,0.07 %,0.81 %
KBL-HQ-CLUSTER,kbl-hq-esxi02.kingdombankltd.local,KBL-AJIRA-SVR-OLD,7/3/2024,0.09 %,1.14 %
KBL-HQ-CLUSTER,kbl-hq-esxi02.kingdombankltd.local,KBL-BANCASSURANCE-SVR,6/29/2024,0.03 %,0.43 %
KBL-HQ-CLUSTER,kbl-hq-esxi02.kingdombankltd.local,KBL-BANCASSURANCE-SVR,6/30/2024,0.03 %,0.41 %
KBL-HQ-CLUSTER,kbl-hq-esxi02.kingdombankltd.local,KBL-BANCASSURANCE-SVR,7/1/2024,0.05 %,0.85 %
KBL-HQ-CLUSTER,kbl-hq-esxi02.kingdombankltd.local,KBL-BANCASSURANCE-SVR,7/2/2024,0.06 %,0.92 %
KBL-HQ-CLUSTER,kbl-hq-esxi02.kingdombankltd.local,KBL-BANCASSURANCE-SVR,7/3/2024,0.07 %,1.20 %
KBL-HQ-CLUSTER,kbl-hq-esxi02.kingdombankltd.local,KBL-BITDEFENDER-GRAVITYZONE-REPLICASVR2,6/29/2024,0.30 %,7.12 %
KBL-HQ-CLUSTER,kbl-hq-esxi02.kingdombankltd.local,KBL-BITDEFENDER-GRAVITYZONE-REPLICASVR2,6/30/2024,0.31 %,7.40 %
KBL-HQ-CLUSTER,kbl-hq-esxi02.kingdombankltd.local,KBL-BITDEFENDER-GRAVITYZONE-REPLICASVR2,7/1/2024,0.29 %,6.88 %
KBL-HQ-CLUSTER,kbl-hq-esxi02.kingdombankltd.local,KBL-BITDEFENDER-GRAVITYZONE-REPLICASVR2,7/2/2024,0.31 %,7.42 %
KBL-HQ-CLUSTER,kbl-hq-esxi02.kingdombankltd.local,KBL-BITDEFENDER-GRAVITYZONE-REPLICASVR2,7/3/2024,0.32 %,7.67 %
KBL-HQ-CLUSTER,kbl-hq-esxi02.kingdombankltd.local,KBL-BR-DB-SVR,6/29/2024,0.05 %,0.28 %
KBL-HQ-CLUSTER,kbl-hq-esxi02.kingdombankltd.local,KBL-BR-DB-SVR,6/30/2024,0.04 %,0.23 %
KBL-HQ-CLUSTER,kbl-hq-esxi02.kingdombankltd.local,KBL-BR-DB-SVR,7/1/2024,0.05 %,0.27 %
KBL-HQ-CLUSTER,kbl-hq-esxi02.kingdombankltd.local,KBL-BR-DB-SVR,7/2/2024,0.11 %,0.63 %
KBL-HQ-CLUSTER,kbl-hq-esxi02.kingdombankltd.local,KBL-BR-DB-SVR,7/3/2024,0.04 %,0.23 %
KBL-HQ-CLUSTER,kbl-hq-esxi02.kingdombankltd.local,KBL-BREFT-SVR,6/29/2024,0.03 %,0.32 %
KBL-HQ-CLUSTER,kbl-hq-esxi02.kingdombankltd.local,KBL-BREFT-SVR,6/30/2024,0.03 %,0.36 %
KBL-HQ-CLUSTER,kbl-hq-esxi02.kingdombankltd.local,KBL-BREFT-SVR,7/1/2024,,
KBL-HQ-CLUSTER,kbl-hq-esxi02.kingdombankltd.local,KBL-BREFT-SVR,7/2/2024,0.05 %,0.59 %
KBL-HQ-CLUSTER,kbl-hq-esxi02.kingdombankltd.local,KBL-BREFT-SVR,7/3/2024,0.06 %,0.71 %
KBL-HQ-CLUSTER,kbl-hq-esxi02.kingdombankltd.local,KBL-BRTESTDB-SVR.1.13,6/29/2024,0.02 %,1.20 %
KBL-HQ-CLUSTER,kbl-hq-esxi02.kingdombankltd.local,KBL-BRTESTDB-SVR.1.13,6/30/2024,0.04 %,2.16 %
KBL-HQ-CLUSTER,kbl-hq-esxi02.kingdombankltd.local,KBL-BRTESTDB-SVR.1.13,7/1/2024,0.03 %,1.38 %
KBL-HQ-CLUSTER,kbl-hq-esxi02.kingdombankltd.local,KBL-BRTESTDB-SVR.1.13,7/2/2024,0.03 %,1.37 %
KBL-HQ-CLUSTER,kbl-hq-esxi02.kingdombankltd.local,KBL-BRTESTDB-SVR.1.13,7/3/2024,0.03 %,1.29 %
KBL-HQ-CLUSTER,kbl-hq-esxi02.kingdombankltd.local,KBL-BR-TEST-SVR,6/29/2024,0.16 %,0.77 %
KBL-HQ-CLUSTER,kbl-hq-esxi02.kingdombankltd.local,KBL-BR-TEST-SVR,6/30/2024,0.18 %,0.85 %
KBL-HQ-CLUSTER,kbl-hq-esxi02.kingdombankltd.local,KBL-BR-TEST-SVR,7/1/2024,0.08 %,0.38 %
KBL-HQ-CLUSTER,kbl-hq-esxi02.kingdombankltd.local,KBL-BR-TEST-SVR,7/2/2024,0.71 %,3.40 %
KBL-HQ-CLUSTER,kbl-hq-esxi02.kingdombankltd.local,KBL-BR-TEST-SVR,7/3/2024,0.46 %,2.23 %
KBL-HQ-CLUSTER,kbl-hq-esxi02.kingdombankltd.local,KBL-CHEQUE-PRINTING-SVR,6/29/2024,0.02 %,0.29 %
KBL-HQ-CLUSTER,kbl-hq-esxi02.kingdombankltd.local,KBL-CHEQUE-PRINTING-SVR,6/30/2024,0.03 %,0.32 %
KBL-HQ-CLUSTER,kbl-hq-esxi02.kingdombankltd.local,KBL-CHEQUE-PRINTING-SVR,7/1/2024,0.02 %,0.29 %
KBL-HQ-CLUSTER,kbl-hq-esxi02.kingdombankltd.local,KBL-CHEQUE-PRINTING-SVR,7/2/2024,0.03 %,0.33 %
KBL-HQ-CLUSTER,kbl-hq-esxi02.kingdombankltd.local,KBL-CHEQUE-PRINTING-SVR,7/3/2024,0.02 %,0.28 %
KBL-HQ-CLUSTER,kbl-hq-esxi02.kingdombankltd.local,KBL-COMPILER-SVR,6/29/2024,,
KBL-HQ-CLUSTER,kbl-hq-esxi02.kingdombankltd.local,KBL-COMPILER-SVR,6/30/2024,,
KBL-HQ-CLUSTER,kbl-hq-esxi02.kingdombankltd.local,KBL-COMPILER-SVR,7/1/2024,0.07 %,0.89 %
KBL-HQ-CLUSTER,kbl-hq-esxi02.kingdombankltd.local,KBL-COMPILER-SVR,7/2/2024,0.11 %,1.30 %
KBL-HQ-CLUSTER,kbl-hq-esxi02.kingdombankltd.local,KBL-COMPILER-SVR,7/3/2024,,
KBL-HQ-CLUSTER,kbl-hq-esxi02.kingdombankltd.local,KBL-CPPM-SUB-SVR,6/29/2024,0.55 %,6.64 %
KBL-HQ-CLUSTER,kbl-hq-esxi02.kingdombankltd.local,KBL-CPPM-SUB-SVR,6/30/2024,0.54 %,6.48 %
KBL-HQ-CLUSTER,kbl-hq-esxi02.kingdombankltd.local,KBL-CPPM-SUB-SVR,7/1/2024,0.54 %,6.48 %
KBL-HQ-CLUSTER,kbl-hq-esxi02.kingdombankltd.local,KBL-CPPM-SUB-SVR,7/2/2024,0.52 %,6.26 %
KBL-HQ-CLUSTER,kbl-hq-esxi02.kingdombankltd.local,KBL-CPPM-SUB-SVR,7/3/2024,0.49 %,5.92 %
KBL-HQ-CLUSTER,kbl-hq-esxi02.kingdombankltd.local,KBL-CQ-DB-LIVE-SVR,6/29/2024,0.73 %,4.39 %
KBL-HQ-CLUSTER,kbl-hq-esxi02.kingdombankltd.local,KBL-CQ-DB-LIVE-SVR,6/30/2024,0.73 %,4.39 %
KBL-HQ-CLUSTER,kbl-hq-esxi02.kingdombankltd.local,KBL-CQ-DB-LIVE-SVR,7/1/2024,0.25 %,1.51 %
KBL-HQ-CLUSTER,kbl-hq-esxi02.kingdombankltd.local,KBL-CQ-DB-LIVE-SVR,7/2/2024,0.30 %,1.78 %
KBL-HQ-CLUSTER,kbl-hq-esxi02.kingdombankltd.local,KBL-CQ-DB-LIVE-SVR,7/3/2024,0.35 %,2.12 %
KBL-HQ-CLUSTER,kbl-hq-esxi02.kingdombankltd.local,KBL-CSD-SVR,6/29/2024,0.05 %,0.29 %
KBL-HQ-CLUSTER,kbl-hq-esxi02.kingdombankltd.local,KBL-CSD-SVR,6/30/2024,0.06 %,0.33 %
KBL-HQ-CLUSTER,kbl-hq-esxi02.kingdombankltd.local,KBL-CSD-SVR,7/1/2024,0.02 %,0.15 %
KBL-HQ-CLUSTER,kbl-hq-esxi02.kingdombankltd.local,KBL-CSD-SVR,7/2/2024,0.03 %,0.20 %
KBL-HQ-CLUSTER,kbl-hq-esxi02.kingdombankltd.local,KBL-CSD-SVR,7/3/2024,0.06 %,0.34 %
KBL-HQ-CLUSTER,kbl-hq-esxi02.kingdombankltd.local,KBL-DARKTRACE-VSENSOR-SVR-147,6/29/2024,0.92 %,29.61 %
KBL-HQ-CLUSTER,kbl-hq-esxi02.kingdombankltd.local,KBL-DARKTRACE-VSENSOR-SVR-147,6/30/2024,0.95 %,30.26 %
KBL-HQ-CLUSTER,kbl-hq-esxi02.kingdombankltd.local,KBL-DARKTRACE-VSENSOR-SVR-147,7/1/2024,0.83 %,26.54 %
KBL-HQ-CLUSTER,kbl-hq-esxi02.kingdombankltd.local,KBL-DARKTRACE-VSENSOR-SVR-147,7/2/2024,1.15 %,36.68 %
KBL-HQ-CLUSTER,kbl-hq-esxi02.kingdombankltd.local,KBL-DARKTRACE-VSENSOR-SVR-147,7/3/2024,1.02 %,32.69 %
KBL-HQ-CLUSTER,kbl-hq-esxi02.kingdombankltd.local,KBL-DHCP-NTP-NFS-SVR-SEC.126,6/29/2024,0.04 %,0.26 %
KBL-HQ-CLUSTER,kbl-hq-esxi02.kingdombankltd.local,KBL-DHCP-NTP-NFS-SVR-SEC.126,6/30/2024,0.05 %,0.29 %
KBL-HQ-CLUSTER,kbl-hq-esxi02.kingdombankltd.local,KBL-DHCP-NTP-NFS-SVR-SEC.126,7/1/2024,0.07 %,0.44 %
KBL-HQ-CLUSTER,kbl-hq-esxi02.kingdombankltd.local,KBL-DHCP-NTP-NFS-SVR-SEC.126,7/2/2024,0.07 %,0.39 %
KBL-HQ-CLUSTER,kbl-hq-esxi02.kingdombankltd.local,KBL-DHCP-NTP-NFS-SVR-SEC.126,7/3/2024,0.06 %,0.36 %
KBL-HQ-CLUSTER,kbl-hq-esxi02.kingdombankltd.local,KBL-DIGILIFE-ADMIN-SVR,6/29/2024,0.01 %,0.16 %
KBL-HQ-CLUSTER,kbl-hq-esxi02.kingdombankltd.local,KBL-DIGILIFE-ADMIN-SVR,6/30/2024,0.01 %,0.17 %
KBL-HQ-CLUSTER,kbl-hq-esxi02.kingdombankltd.local,KBL-DIGILIFE-ADMIN-SVR,7/1/2024,0.14 %,1.73 %
KBL-HQ-CLUSTER,kbl-hq-esxi02.kingdombankltd.local,KBL-DIGILIFE-ADMIN-SVR,7/2/2024,0.04 %,0.47 %
KBL-HQ-CLUSTER,kbl-hq-esxi02.kingdombankltd.local,KBL-DIGILIFE-ADMIN-SVR,7/3/2024,0.04 %,0.49 %
KBL-HQ-CLUSTER,kbl-hq-esxi02.kingdombankltd.local,KBL-DUMP-SFTP-SVR,6/29/2024,0.06 %,0.36 %
KBL-HQ-CLUSTER,kbl-hq-esxi02.kingdombankltd.local,KBL-DUMP-SFTP-SVR,6/30/2024,0.06 %,0.38 %
KBL-HQ-CLUSTER,kbl-hq-esxi02.kingdombankltd.local,KBL-DUMP-SFTP-SVR,7/1/2024,0.12 %,0.69 %
KBL-HQ-CLUSTER,kbl-hq-esxi02.kingdombankltd.local,KBL-DUMP-SFTP-SVR,7/2/2024,0.09 %,0.53 %
KBL-HQ-CLUSTER,kbl-hq-esxi02.kingdombankltd.local,KBL-DUMP-SFTP-SVR,7/3/2024,0.14 %,0.84 %
KBL-HQ-CLUSTER,kbl-hq-esxi02.kingdombankltd.local,KBL-ECREDIT-PROD-SVR,6/29/2024,0.02 %,0.10 %
KBL-HQ-CLUSTER,kbl-hq-esxi02.kingdombankltd.local,KBL-ECREDIT-PROD-SVR,6/30/2024,0.02 %,0.10 %
KBL-HQ-CLUSTER,kbl-hq-esxi02.kingdombankltd.local,KBL-ECREDIT-PROD-SVR,7/1/2024,0.02 %,0.09 %
KBL-HQ-CLUSTER,kbl-hq-esxi02.kingdombankltd.local,KBL-ECREDIT-PROD-SVR,7/2/2024,0.02 %,0.10 %
KBL-HQ-CLUSTER,kbl-hq-esxi02.kingdombankltd.local,KBL-ECREDIT-PROD-SVR,7/3/2024,0.01 %,0.08 %
KBL-HQ-CLUSTER,kbl-hq-esxi02.kingdombankltd.local,KBL-ELASTIC-DOCKER-POC-SVR,6/29/2024,0.01 %,0.30 %
KBL-HQ-CLUSTER,kbl-hq-esxi02.kingdombankltd.local,KBL-ELASTIC-DOCKER-POC-SVR,6/30/2024,0.01 %,0.33 %
KBL-HQ-CLUSTER,kbl-hq-esxi02.kingdombankltd.local,KBL-ELASTIC-DOCKER-POC-SVR,7/1/2024,0.01 %,0.31 %
KBL-HQ-CLUSTER,kbl-hq-esxi02.kingdombankltd.local,KBL-ELASTIC-DOCKER-POC-SVR,7/2/2024,0.01 %,0.30 %
KBL-HQ-CLUSTER,kbl-hq-esxi02.kingdombankltd.local,KBL-ELASTIC-DOCKER-POC-SVR,7/3/2024,0.01 %,0.33 %
KBL-HQ-CLUSTER,kbl-hq-esxi02.kingdombankltd.local,KBL-ELMA-SVR-OLD,6/29/2024,0.37 %,2.20 %
KBL-HQ-CLUSTER,kbl-hq-esxi02.kingdombankltd.local,KBL-ELMA-SVR-OLD,6/30/2024,0.36 %,2.14 %
KBL-HQ-CLUSTER,kbl-hq-esxi02.kingdombankltd.local,KBL-ELMA-SVR-OLD,7/1/2024,0.28 %,1.65 %
KBL-HQ-CLUSTER,kbl-hq-esxi02.kingdombankltd.local,KBL-ELMA-SVR-OLD,7/2/2024,0.35 %,2.07 %
KBL-HQ-CLUSTER,kbl-hq-esxi02.kingdombankltd.local,KBL-ELMA-SVR-OLD,7/3/2024,0.39 %,2.31 %
KBL-HQ-CLUSTER,kbl-hq-esxi02.kingdombankltd.local,KBL-EMV-SERVICES-SVR,6/29/2024,0.03 %,0.65 %
KBL-HQ-CLUSTER,kbl-hq-esxi02.kingdombankltd.local,KBL-EMV-SERVICES-SVR,6/30/2024,0.03 %,0.70 %
KBL-HQ-CLUSTER,kbl-hq-esxi02.kingdombankltd.local,KBL-EMV-SERVICES-SVR,7/1/2024,0.04 %,0.96 %
KBL-HQ-CLUSTER,kbl-hq-esxi02.kingdombankltd.local,KBL-EMV-SERVICES-SVR,7/2/2024,0.06 %,1.56 %
KBL-HQ-CLUSTER,kbl-hq-esxi02.kingdombankltd.local,KBL-EMV-SERVICES-SVR,7/3/2024,0.04 %,0.98 %
KBL-HQ-CLUSTER,kbl-hq-esxi02.kingdombankltd.local,KBL-FINBRIDGE-SVR,6/29/2024,0.03 %,0.36 %
KBL-HQ-CLUSTER,kbl-hq-esxi02.kingdombankltd.local,KBL-FINBRIDGE-SVR,6/30/2024,0.03 %,0.38 %
KBL-HQ-CLUSTER,kbl-hq-esxi02.kingdombankltd.local,KBL-FINBRIDGE-SVR,7/1/2024,0.06 %,0.74 %
KBL-HQ-CLUSTER,kbl-hq-esxi02.kingdombankltd.local,KBL-FINBRIDGE-SVR,7/2/2024,0.05 %,0.57 %
KBL-HQ-CLUSTER,kbl-hq-esxi02.kingdombankltd.local,KBL-FINBRIDGE-SVR,7/3/2024,0.04 %,0.50 %
KBL-HQ-CLUSTER,kbl-hq-esxi02.kingdombankltd.local,KBL-FIORANO-LIVE-SVR,6/29/2024,0.03 %,0.42 %
KBL-HQ-CLUSTER,kbl-hq-esxi02.kingdombankltd.local,KBL-FIORANO-LIVE-SVR,6/30/2024,0.04 %,0.45 %
KBL-HQ-CLUSTER,kbl-hq-esxi02.kingdombankltd.local,KBL-FIORANO-LIVE-SVR,7/1/2024,0.02 %,0.18 %
KBL-HQ-CLUSTER,kbl-hq-esxi02.kingdombankltd.local,KBL-FIORANO-LIVE-SVR,7/2/2024,0.02 %,0.20 %
KBL-HQ-CLUSTER,kbl-hq-esxi02.kingdombankltd.local,KBL-FIORANO-LIVE-SVR,7/3/2024,0.02 %,0.18 %
KBL-HQ-CLUSTER,kbl-hq-esxi02.kingdombankltd.local,KBL-FOREX-DISPLAY-SVR,6/29/2024,0.49 %,2.91 %
KBL-HQ-CLUSTER,kbl-hq-esxi02.kingdombankltd.local,KBL-FOREX-DISPLAY-SVR,6/30/2024,0.88 %,5.26 %
KBL-HQ-CLUSTER,kbl-hq-esxi02.kingdombankltd.local,KBL-FOREX-DISPLAY-SVR,7/1/2024,0.51 %,3.07 %
KBL-HQ-CLUSTER,kbl-hq-esxi02.kingdombankltd.local,KBL-FOREX-DISPLAY-SVR,7/2/2024,0.54 %,3.21 %
KBL-HQ-CLUSTER,kbl-hq-esxi02.kingdombankltd.local,KBL-FOREX-DISPLAY-SVR,7/3/2024,0.55 %,3.28 %
KBL-HQ-CLUSTER,kbl-hq-esxi02.kingdombankltd.local,KBL-FortiSIEM-SUPERVISOR,6/29/2024,0.73 %,4.37 %
KBL-HQ-CLUSTER,kbl-hq-esxi02.kingdombankltd.local,KBL-FortiSIEM-SUPERVISOR,6/30/2024,0.65 %,3.92 %
KBL-HQ-CLUSTER,kbl-hq-esxi02.kingdombankltd.local,KBL-FortiSIEM-SUPERVISOR,7/1/2024,1.04 %,6.25 %
KBL-HQ-CLUSTER,kbl-hq-esxi02.kingdombankltd.local,KBL-FortiSIEM-SUPERVISOR,7/2/2024,1.09 %,6.53 %
KBL-HQ-CLUSTER,kbl-hq-esxi02.kingdombankltd.local,KBL-FortiSIEM-SUPERVISOR,7/3/2024,1.05 %,6.30 %
KBL-HQ-CLUSTER,kbl-hq-esxi02.kingdombankltd.local,KBL-HCO-SVR,6/29/2024,2.67 %,10.67 %
KBL-HQ-CLUSTER,kbl-hq-esxi02.kingdombankltd.local,KBL-HCO-SVR,6/30/2024,2.62 %,10.49 %
KBL-HQ-CLUSTER,kbl-hq-esxi02.kingdombankltd.local,KBL-HCO-SVR,7/1/2024,1.85 %,7.38 %
KBL-HQ-CLUSTER,kbl-hq-esxi02.kingdombankltd.local,KBL-HCO-SVR,7/2/2024,1.88 %,7.53 %
KBL-HQ-CLUSTER,kbl-hq-esxi02.kingdombankltd.local,KBL-HCO-SVR,7/3/2024,1.89 %,7.54 %
KBL-HQ-CLUSTER,kbl-hq-esxi02.kingdombankltd.local,KBLHQ_APP.17_SVR,6/29/2024,0.15 %,0.89 %
KBL-HQ-CLUSTER,kbl-hq-esxi02.kingdombankltd.local,KBLHQ_APP.17_SVR,6/30/2024,0.15 %,0.92 %
KBL-HQ-CLUSTER,kbl-hq-esxi02.kingdombankltd.local,KBLHQ_APP.17_SVR,7/1/2024,0.34 %,2.02 %
KBL-HQ-CLUSTER,kbl-hq-esxi02.kingdombankltd.local,KBLHQ_APP.17_SVR,7/2/2024,1.24 %,7.46 %
KBL-HQ-CLUSTER,kbl-hq-esxi02.kingdombankltd.local,KBLHQ_APP.17_SVR,7/3/2024,1.57 %,9.45 %
KBL-HQ-CLUSTER,kbl-hq-esxi02.kingdombankltd.local,KBLHQ_APP.17_SVR-CLONE,6/29/2024,,
KBL-HQ-CLUSTER,kbl-hq-esxi02.kingdombankltd.local,KBLHQ_APP.17_SVR-CLONE,6/30/2024,,
KBL-HQ-CLUSTER,kbl-hq-esxi02.kingdombankltd.local,KBLHQ_APP.17_SVR-CLONE,7/1/2024,0.40 %,2.40 %
KBL-HQ-CLUSTER,kbl-hq-esxi02.kingdombankltd.local,KBLHQ_APP.17_SVR-CLONE,7/2/2024,,
KBL-HQ-CLUSTER,kbl-hq-esxi02.kingdombankltd.local,KBLHQ_APP.17_SVR-CLONE,7/3/2024,,
KBL-HQ-CLUSTER,kbl-hq-esxi02.kingdombankltd.local,KBLHQ_BI.95_SVR_OLD,6/29/2024,0.57 %,1.72 %
KBL-HQ-CLUSTER,kbl-hq-esxi02.kingdombankltd.local,KBLHQ_BI.95_SVR_OLD,6/30/2024,0.61 %,1.84 %
KBL-HQ-CLUSTER,kbl-hq-esxi02.kingdombankltd.local,KBLHQ_BI.95_SVR_OLD,7/1/2024,0.50 %,1.50 %
KBL-HQ-CLUSTER,kbl-hq-esxi02.kingdombankltd.local,KBLHQ_BI.95_SVR_OLD,7/2/2024,0.54 %,1.63 %
KBL-HQ-CLUSTER,kbl-hq-esxi02.kingdombankltd.local,KBLHQ_BI.95_SVR_OLD,7/3/2024,0.57 %,1.70 %
KBL-HQ-CLUSTER,kbl-hq-esxi02.kingdombankltd.local,KBLHQ_DB.18_SVR,6/29/2024,7.87 %,31.50 %
KBL-HQ-CLUSTER,kbl-hq-esxi02.kingdombankltd.local,KBLHQ_DB.18_SVR,6/30/2024,9.77 %,39.10 %
KBL-HQ-CLUSTER,kbl-hq-esxi02.kingdombankltd.local,KBLHQ_DB.18_SVR,7/1/2024,8.09 %,32.34 %
KBL-HQ-CLUSTER,kbl-hq-esxi02.kingdombankltd.local,KBLHQ_DB.18_SVR,7/2/2024,8.37 %,33.48 %
KBL-HQ-CLUSTER,kbl-hq-esxi02.kingdombankltd.local,KBLHQ_DB.18_SVR,7/3/2024,9.14 %,36.58 %
KBL-HQ-CLUSTER,kbl-hq-esxi02.kingdombankltd.local,KBL-HQ-SRM-SVR,6/29/2024,0.04 %,0.85 %
KBL-HQ-CLUSTER,kbl-hq-esxi02.kingdombankltd.local,KBL-HQ-SRM-SVR,6/30/2024,0.04 %,0.87 %
KBL-HQ-CLUSTER,kbl-hq-esxi02.kingdombankltd.local,KBL-HQ-SRM-SVR,7/1/2024,0.04 %,0.89 %
KBL-HQ-CLUSTER,kbl-hq-esxi02.kingdombankltd.local,KBL-HQ-SRM-SVR,7/2/2024,0.03 %,0.66 %
KBL-HQ-CLUSTER,kbl-hq-esxi02.kingdombankltd.local,KBL-HQ-SRM-SVR,7/3/2024,0.02 %,0.59 %
KBL-HQ-CLUSTER,kbl-hq-esxi02.kingdombankltd.local,KBL-HQ-VCENTER-SVR,6/29/2024,0.34 %,8.19 %
KBL-HQ-CLUSTER,kbl-hq-esxi02.kingdombankltd.local,KBL-HQ-VCENTER-SVR,6/30/2024,0.35 %,8.35 %
KBL-HQ-CLUSTER,kbl-hq-esxi02.kingdombankltd.local,KBL-HQ-VCENTER-SVR,7/1/2024,0.34 %,8.28 %
KBL-HQ-CLUSTER,kbl-hq-esxi02.kingdombankltd.local,KBL-HQ-VCENTER-SVR,7/2/2024,0.33 %,7.84 %
KBL-HQ-CLUSTER,kbl-hq-esxi02.kingdombankltd.local,KBL-HQ-VCENTER-SVR,7/3/2024,0.31 %,7.47 %
KBL-HQ-CLUSTER,kbl-hq-esxi02.kingdombankltd.local,KBL-HR-FOLDER-SVR,6/29/2024,0.02 %,0.23 %
KBL-HQ-CLUSTER,kbl-hq-esxi02.kingdombankltd.local,KBL-HR-FOLDER-SVR,6/30/2024,0.02 %,0.25 %
KBL-HQ-CLUSTER,kbl-hq-esxi02.kingdombankltd.local,KBL-HR-FOLDER-SVR,7/1/2024,0.02 %,0.24 %
KBL-HQ-CLUSTER,kbl-hq-esxi02.kingdombankltd.local,KBL-HR-FOLDER-SVR,7/2/2024,0.03 %,0.30 %
KBL-HQ-CLUSTER,kbl-hq-esxi02.kingdombankltd.local,KBL-HR-FOLDER-SVR,7/3/2024,0.02 %,0.23 %
KBL-HQ-CLUSTER,kbl-hq-esxi02.kingdombankltd.local,KBL-ILO-AMPLIFIER-PACK-SVR,6/29/2024,0.03 %,0.85 %
KBL-HQ-CLUSTER,kbl-hq-esxi02.kingdombankltd.local,KBL-ILO-AMPLIFIER-PACK-SVR,6/30/2024,0.04 %,0.88 %
KBL-HQ-CLUSTER,kbl-hq-esxi02.kingdombankltd.local,KBL-ILO-AMPLIFIER-PACK-SVR,7/1/2024,0.03 %,0.81 %
KBL-HQ-CLUSTER,kbl-hq-esxi02.kingdombankltd.local,KBL-ILO-AMPLIFIER-PACK-SVR,7/2/2024,0.03 %,0.83 %
KBL-HQ-CLUSTER,kbl-hq-esxi02.kingdombankltd.local,KBL-ILO-AMPLIFIER-PACK-SVR,7/3/2024,0.03 %,0.80 %
KBL-HQ-CLUSTER,kbl-hq-esxi02.kingdombankltd.local,KBL-IMPERVA-LOG-RETENTION-SVR,6/29/2024,0.04 %,0.26 %
KBL-HQ-CLUSTER,kbl-hq-esxi02.kingdombankltd.local,KBL-IMPERVA-LOG-RETENTION-SVR,6/30/2024,0.05 %,0.28 %
KBL-HQ-CLUSTER,kbl-hq-esxi02.kingdombankltd.local,KBL-IMPERVA-LOG-RETENTION-SVR,7/1/2024,0.08 %,0.48 %
KBL-HQ-CLUSTER,kbl-hq-esxi02.kingdombankltd.local,KBL-IMPERVA-LOG-RETENTION-SVR,7/2/2024,0.06 %,0.38 %
KBL-HQ-CLUSTER,kbl-hq-esxi02.kingdombankltd.local,KBL-IMPERVA-LOG-RETENTION-SVR,7/3/2024,0.06 %,0.39 %
KBL-HQ-CLUSTER,kbl-hq-esxi02.kingdombankltd.local,KBL-IMPERVA-MX-SVR,6/29/2024,0.56 %,13.54 %
KBL-HQ-CLUSTER,kbl-hq-esxi02.kingdombankltd.local,KBL-IMPERVA-MX-SVR,6/30/2024,1.19 %,28.64 %
KBL-HQ-CLUSTER,kbl-hq-esxi02.kingdombankltd.local,KBL-IMPERVA-MX-SVR,7/1/2024,0.25 %,6.10 %
KBL-HQ-CLUSTER,kbl-hq-esxi02.kingdombankltd.local,KBL-IMPERVA-MX-SVR,7/2/2024,0.26 %,6.29 %
KBL-HQ-CLUSTER,kbl-hq-esxi02.kingdombankltd.local,KBL-IMPERVA-MX-SVR,7/3/2024,0.29 %,6.88 %
KBL-HQ-CLUSTER,kbl-hq-esxi02.kingdombankltd.local,KBL-IPRS-SVR,6/29/2024,0.04 %,0.50 %
KBL-HQ-CLUSTER,kbl-hq-esxi02.kingdombankltd.local,KBL-IPRS-SVR,6/30/2024,0.04 %,0.53 %
KBL-HQ-CLUSTER,kbl-hq-esxi02.kingdombankltd.local,KBL-IPRS-SVR,7/1/2024,0.06 %,0.70 %
KBL-HQ-CLUSTER,kbl-hq-esxi02.kingdombankltd.local,KBL-IPRS-SVR,7/2/2024,0.02 %,0.29 %
KBL-HQ-CLUSTER,kbl-hq-esxi02.kingdombankltd.local,KBL-IPRS-SVR,7/3/2024,0.03 %,0.32 %
KBL-HQ-CLUSTER,kbl-hq-esxi02.kingdombankltd.local,KBL-IPSL-SVR-OLD,6/29/2024,1.39 %,33.48 %
KBL-HQ-CLUSTER,kbl-hq-esxi02.kingdombankltd.local,KBL-IPSL-SVR-OLD,6/30/2024,1.39 %,33.46 %
KBL-HQ-CLUSTER,kbl-hq-esxi02.kingdombankltd.local,KBL-IPSL-SVR-OLD,7/1/2024,1.28 %,30.69 %
KBL-HQ-CLUSTER,kbl-hq-esxi02.kingdombankltd.local,KBL-IPSL-SVR-OLD,7/2/2024,1.49 %,35.87 %
KBL-HQ-CLUSTER,kbl-hq-esxi02.kingdombankltd.local,KBL-IPSL-SVR-OLD,7/3/2024,1.55 %,37.15 %
KBL-HQ-CLUSTER,kbl-hq-esxi02.kingdombankltd.local,KBL-KBID-APP-SVR,6/29/2024,0.16 %,3.81 %
KBL-HQ-CLUSTER,kbl-hq-esxi02.kingdombankltd.local,KBL-KBID-APP-SVR,6/30/2024,0.14 %,3.47 %
KBL-HQ-CLUSTER,kbl-hq-esxi02.kingdombankltd.local,KBL-KBID-APP-SVR,7/1/2024,0.10 %,2.41 %
KBL-HQ-CLUSTER,kbl-hq-esxi02.kingdombankltd.local,KBL-KBID-APP-SVR,7/2/2024,0.13 %,3.13 %
KBL-HQ-CLUSTER,kbl-hq-esxi02.kingdombankltd.local,KBL-KBID-APP-SVR,7/3/2024,0.13 %,3.04 %
KBL-HQ-CLUSTER,kbl-hq-esxi02.kingdombankltd.local,KBL-KBID-APP-TEST1-SVR,6/29/2024,0.02 %,0.20 %
KBL-HQ-CLUSTER,kbl-hq-esxi02.kingdombankltd.local,KBL-KBID-APP-TEST1-SVR,6/30/2024,0.02 %,0.21 %
KBL-HQ-CLUSTER,kbl-hq-esxi02.kingdombankltd.local,KBL-KBID-APP-TEST1-SVR,7/1/2024,0.02 %,0.19 %
KBL-HQ-CLUSTER,kbl-hq-esxi02.kingdombankltd.local,KBL-KBID-APP-TEST1-SVR,7/2/2024,0.02 %,0.21 %
KBL-HQ-CLUSTER,kbl-hq-esxi02.kingdombankltd.local,KBL-KBID-APP-TEST1-SVR,7/3/2024,0.01 %,0.17 %
KBL-HQ-CLUSTER,kbl-hq-esxi02.kingdombankltd.local,KBL-KBID-DB-SVR,6/29/2024,0.20 %,9.64 %
KBL-HQ-CLUSTER,kbl-hq-esxi02.kingdombankltd.local,KBL-KBID-DB-SVR,6/30/2024,0.18 %,8.65 %
KBL-HQ-CLUSTER,kbl-hq-esxi02.kingdombankltd.local,KBL-KBID-DB-SVR,7/1/2024,0.12 %,5.94 %
KBL-HQ-CLUSTER,kbl-hq-esxi02.kingdombankltd.local,KBL-KBID-DB-SVR,7/2/2024,0.15 %,7.08 %
KBL-HQ-CLUSTER,kbl-hq-esxi02.kingdombankltd.local,KBL-KBID-DB-SVR,7/3/2024,0.14 %,6.88 %
KBL-HQ-CLUSTER,kbl-hq-esxi02.kingdombankltd.local,KBL-KBID-GATEWAY-SVR,6/29/2024,,
KBL-HQ-CLUSTER,kbl-hq-esxi02.kingdombankltd.local,KBL-KBID-GATEWAY-SVR,6/30/2024,,
KBL-HQ-CLUSTER,kbl-hq-esxi02.kingdombankltd.local,KBL-KBID-GATEWAY-SVR,7/1/2024,0.02 %,0.84 %
KBL-HQ-CLUSTER,kbl-hq-esxi02.kingdombankltd.local,KBL-KBID-GATEWAY-SVR,7/2/2024,0.01 %,0.66 %
KBL-HQ-CLUSTER,kbl-hq-esxi02.kingdombankltd.local,KBL-KBID-GATEWAY-SVR,7/3/2024,0.01 %,0.61 %
KBL-HQ-CLUSTER,kbl-hq-esxi02.kingdombankltd.local,KBL-KBID-SVR.27,6/29/2024,0.06 %,1.52 %
KBL-HQ-CLUSTER,kbl-hq-esxi02.kingdombankltd.local,KBL-KBID-SVR.27,6/30/2024,0.07 %,1.63 %
KBL-HQ-CLUSTER,kbl-hq-esxi02.kingdombankltd.local,KBL-KBID-SVR.27,7/1/2024,0.10 %,2.41 %
KBL-HQ-CLUSTER,kbl-hq-esxi02.kingdombankltd.local,KBL-KBID-SVR.27,7/2/2024,0.08 %,2.02 %
KBL-HQ-CLUSTER,kbl-hq-esxi02.kingdombankltd.local,KBL-KBID-SVR.27,7/3/2024,0.08 %,1.96 %
KBL-HQ-CLUSTER,kbl-hq-esxi02.kingdombankltd.local,KBL-KBTRACKER-SVR,6/29/2024,0.78 %,4.69 %
KBL-HQ-CLUSTER,kbl-hq-esxi02.kingdombankltd.local,KBL-KBTRACKER-SVR,6/30/2024,0.61 %,3.64 %
KBL-HQ-CLUSTER,kbl-hq-esxi02.kingdombankltd.local,KBL-KBTRACKER-SVR,7/1/2024,2.01 %,12.05 %
KBL-HQ-CLUSTER,kbl-hq-esxi02.kingdombankltd.local,KBL-KBTRACKER-SVR,7/2/2024,1.68 %,10.06 %
KBL-HQ-CLUSTER,kbl-hq-esxi02.kingdombankltd.local,KBL-KBTRACKER-SVR,7/3/2024,0.69 %,4.17 %
KBL-HQ-CLUSTER,kbl-hq-esxi02.kingdombankltd.local,KBL-KENSWITCH-SVR,6/29/2024,,
KBL-HQ-CLUSTER,kbl-hq-esxi02.kingdombankltd.local,KBL-KENSWITCH-SVR,6/30/2024,,
KBL-HQ-CLUSTER,kbl-hq-esxi02.kingdombankltd.local,KBL-KENSWITCH-SVR,7/1/2024,,
KBL-HQ-CLUSTER,kbl-hq-esxi02.kingdombankltd.local,KBL-KENSWITCH-SVR,7/2/2024,0.05 %,0.57 %
KBL-HQ-CLUSTER,kbl-hq-esxi02.kingdombankltd.local,KBL-KENSWITCH-SVR,7/3/2024,0.04 %,0.46 %
KBL-HQ-CLUSTER,kbl-hq-esxi02.kingdombankltd.local,KBL-KRA-ITAX-SVR.162,6/29/2024,0.06 %,0.37 %
KBL-HQ-CLUSTER,kbl-hq-esxi02.kingdombankltd.local,KBL-KRA-ITAX-SVR.162,6/30/2024,0.11 %,0.65 %
KBL-HQ-CLUSTER,kbl-hq-esxi02.kingdombankltd.local,KBL-KRA-ITAX-SVR.162,7/1/2024,0.09 %,0.53 %
KBL-HQ-CLUSTER,kbl-hq-esxi02.kingdombankltd.local,KBL-KRA-ITAX-SVR.162,7/2/2024,0.11 %,0.66 %
KBL-HQ-CLUSTER,kbl-hq-esxi02.kingdombankltd.local,KBL-KRA-ITAX-SVR.162,7/3/2024,0.13 %,0.75 %
KBL-HQ-CLUSTER,kbl-hq-esxi02.kingdombankltd.local,KBL-LEASING-DB-SVR,6/29/2024,0.35 %,4.23 %
KBL-HQ-CLUSTER,kbl-hq-esxi02.kingdombankltd.local,KBL-LEASING-DB-SVR,6/30/2024,0.36 %,4.32 %
KBL-HQ-CLUSTER,kbl-hq-esxi02.kingdombankltd.local,KBL-LEASING-DB-SVR,7/1/2024,0.27 %,3.22 %
KBL-HQ-CLUSTER,kbl-hq-esxi02.kingdombankltd.local,KBL-LEASING-DB-SVR,7/2/2024,0.28 %,3.42 %
KBL-HQ-CLUSTER,kbl-hq-esxi02.kingdombankltd.local,KBL-LEASING-DB-SVR,7/3/2024,0.29 %,3.48 %
KBL-HQ-CLUSTER,kbl-hq-esxi02.kingdombankltd.local,KBL-MYCBOMS-SVR,6/29/2024,0.04 %,0.26 %
KBL-HQ-CLUSTER,kbl-hq-esxi02.kingdombankltd.local,KBL-MYCBOMS-SVR,6/30/2024,0.05 %,0.29 %
KBL-HQ-CLUSTER,kbl-hq-esxi02.kingdombankltd.local,KBL-MYCBOMS-SVR,7/1/2024,0.16 %,0.95 %
KBL-HQ-CLUSTER,kbl-hq-esxi02.kingdombankltd.local,KBL-MYCBOMS-SVR,7/2/2024,0.07 %,0.41 %
KBL-HQ-CLUSTER,kbl-hq-esxi02.kingdombankltd.local,KBL-MYCBOMS-SVR,7/3/2024,0.07 %,0.43 %
KBL-HQ-CLUSTER,kbl-hq-esxi02.kingdombankltd.local,KBL-NEW-FORTISIEM-COLLECTOR,6/29/2024,0.34 %,4.02 %
KBL-HQ-CLUSTER,kbl-hq-esxi02.kingdombankltd.local,KBL-NEW-FORTISIEM-COLLECTOR,6/30/2024,0.39 %,4.73 %
KBL-HQ-CLUSTER,kbl-hq-esxi02.kingdombankltd.local,KBL-NEW-FORTISIEM-COLLECTOR,7/1/2024,,
KBL-HQ-CLUSTER,kbl-hq-esxi02.kingdombankltd.local,KBL-NEW-FORTISIEM-COLLECTOR,7/2/2024,0.68 %,8.13 %
KBL-HQ-CLUSTER,kbl-hq-esxi02.kingdombankltd.local,KBL-NEW-FORTISIEM-COLLECTOR,7/3/2024,0.72 %,8.62 %
KBL-HQ-CLUSTER,kbl-hq-esxi02.kingdombankltd.local,KBL-NOTIFICATION-SVR,6/29/2024,0.21 %,4.94 %
KBL-HQ-CLUSTER,kbl-hq-esxi02.kingdombankltd.local,KBL-NOTIFICATION-SVR,6/30/2024,0.30 %,7.12 %
KBL-HQ-CLUSTER,kbl-hq-esxi02.kingdombankltd.local,KBL-NOTIFICATION-SVR,7/1/2024,0.13 %,3.18 %
KBL-HQ-CLUSTER,kbl-hq-esxi02.kingdombankltd.local,KBL-NOTIFICATION-SVR,7/2/2024,0.14 %,3.32 %
KBL-HQ-CLUSTER,kbl-hq-esxi02.kingdombankltd.local,KBL-NOTIFICATION-SVR,7/3/2024,0.14 %,3.48 %
KBL-HQ-CLUSTER,kbl-hq-esxi02.kingdombankltd.local,KBL-OKOLEA-REPLICA2-SVR,6/29/2024,0.03 %,0.18 %
KBL-HQ-CLUSTER,kbl-hq-esxi02.kingdombankltd.local,KBL-OKOLEA-REPLICA2-SVR,6/30/2024,0.04 %,0.23 %
KBL-HQ-CLUSTER,kbl-hq-esxi02.kingdombankltd.local,KBL-OKOLEA-REPLICA2-SVR,7/1/2024,0.03 %,0.16 %
KBL-HQ-CLUSTER,kbl-hq-esxi02.kingdombankltd.local,KBL-OKOLEA-REPLICA2-SVR,7/2/2024,0.03 %,0.18 %
KBL-HQ-CLUSTER,kbl-hq-esxi02.kingdombankltd.local,KBL-OKOLEA-REPLICA2-SVR,7/3/2024,0.03 %,0.18 %
KBL-HQ-CLUSTER,kbl-hq-esxi02.kingdombankltd.local,KBL-OLD-SPS-SVR-NEW,6/29/2024,0.40 %,2.39 %
KBL-HQ-CLUSTER,kbl-hq-esxi02.kingdombankltd.local,KBL-OLD-SPS-SVR-NEW,6/30/2024,0.40 %,2.42 %
KBL-HQ-CLUSTER,kbl-hq-esxi02.kingdombankltd.local,KBL-OLD-SPS-SVR-NEW,7/1/2024,0.41 %,2.44 %
KBL-HQ-CLUSTER,kbl-hq-esxi02.kingdombankltd.local,KBL-OLD-SPS-SVR-NEW,7/2/2024,0.42 %,2.49 %
KBL-HQ-CLUSTER,kbl-hq-esxi02.kingdombankltd.local,KBL-OLD-SPS-SVR-NEW,7/3/2024,0.44 %,2.65 %
KBL-HQ-CLUSTER,kbl-hq-esxi02.kingdombankltd.local,KBL-PENTEST-SVR,6/29/2024,0.06 %,0.19 %
KBL-HQ-CLUSTER,kbl-hq-esxi02.kingdombankltd.local,KBL-PENTEST-SVR,6/30/2024,0.07 %,0.19 %
KBL-HQ-CLUSTER,kbl-hq-esxi02.kingdombankltd.local,KBL-PENTEST-SVR,7/1/2024,0.01 %,0.04 %
KBL-HQ-CLUSTER,kbl-hq-esxi02.kingdombankltd.local,KBL-PENTEST-SVR,7/2/2024,0.01 %,0.03 %
KBL-HQ-CLUSTER,kbl-hq-esxi02.kingdombankltd.local,KBL-PENTEST-SVR,7/3/2024,0.01 %,0.03 %
KBL-HQ-CLUSTER,kbl-hq-esxi02.kingdombankltd.local,KBL-PORTAL-LINUX-API-SVR,6/29/2024,0.01 %,0.17 %
KBL-HQ-CLUSTER,kbl-hq-esxi02.kingdombankltd.local,KBL-PORTAL-LINUX-API-SVR,6/30/2024,0.01 %,0.17 %
KBL-HQ-CLUSTER,kbl-hq-esxi02.kingdombankltd.local,KBL-PORTAL-LINUX-API-SVR,7/1/2024,0.02 %,0.21 %
KBL-HQ-CLUSTER,kbl-hq-esxi02.kingdombankltd.local,KBL-PORTAL-LINUX-API-SVR,7/2/2024,0.02 %,0.19 %
KBL-HQ-CLUSTER,kbl-hq-esxi02.kingdombankltd.local,KBL-PORTAL-LINUX-API-SVR,7/3/2024,0.01 %,0.17 %
KBL-HQ-CLUSTER,kbl-hq-esxi02.kingdombankltd.local,KBL-PORTAL-WIN-APP-SVR,6/29/2024,0.10 %,1.15 %
KBL-HQ-CLUSTER,kbl-hq-esxi02.kingdombankltd.local,KBL-PORTAL-WIN-APP-SVR,6/30/2024,0.10 %,1.20 %
KBL-HQ-CLUSTER,kbl-hq-esxi02.kingdombankltd.local,KBL-PORTAL-WIN-APP-SVR,7/1/2024,0.09 %,1.13 %
KBL-HQ-CLUSTER,kbl-hq-esxi02.kingdombankltd.local,KBL-PORTAL-WIN-APP-SVR,7/2/2024,0.04 %,0.52 %
KBL-HQ-CLUSTER,kbl-hq-esxi02.kingdombankltd.local,KBL-PORTAL-WIN-APP-SVR,7/3/2024,0.04 %,0.46 %
KBL-HQ-CLUSTER,kbl-hq-esxi02.kingdombankltd.local,KBL-PROJ-DB-SVR,6/29/2024,0.36 %,1.43 %
KBL-HQ-CLUSTER,kbl-hq-esxi02.kingdombankltd.local,KBL-PROJ-DB-SVR,6/30/2024,0.38 %,1.50 %
KBL-HQ-CLUSTER,kbl-hq-esxi02.kingdombankltd.local,KBL-PROJ-DB-SVR,7/1/2024,0.31 %,1.24 %
KBL-HQ-CLUSTER,kbl-hq-esxi02.kingdombankltd.local,KBL-PROJ-DB-SVR,7/2/2024,0.36 %,1.44 %
KBL-HQ-CLUSTER,kbl-hq-esxi02.kingdombankltd.local,KBL-PROJ-DB-SVR,7/3/2024,0.38 %,1.52 %
KBL-HQ-CLUSTER,kbl-hq-esxi02.kingdombankltd.local,KBL-QDESK-SVR,6/29/2024,0.17 %,2.01 %
KBL-HQ-CLUSTER,kbl-hq-esxi02.kingdombankltd.local,KBL-QDESK-SVR,6/30/2024,0.13 %,1.52 %
KBL-HQ-CLUSTER,kbl-hq-esxi02.kingdombankltd.local,KBL-QDESK-SVR,7/1/2024,0.18 %,2.11 %
KBL-HQ-CLUSTER,kbl-hq-esxi02.kingdombankltd.local,KBL-QDESK-SVR,7/2/2024,0.28 %,3.39 %
KBL-HQ-CLUSTER,kbl-hq-esxi02.kingdombankltd.local,KBL-QDESK-SVR,7/3/2024,0.30 %,3.56 %
KBL-HQ-CLUSTER,kbl-hq-esxi02.kingdombankltd.local,KBL-RAPID7-POC,6/29/2024,0.10 %,1.24 %
KBL-HQ-CLUSTER,kbl-hq-esxi02.kingdombankltd.local,KBL-RAPID7-POC,6/30/2024,0.11 %,1.37 %
KBL-HQ-CLUSTER,kbl-hq-esxi02.kingdombankltd.local,KBL-RAPID7-POC,7/1/2024,0.21 %,2.53 %
KBL-HQ-CLUSTER,kbl-hq-esxi02.kingdombankltd.local,KBL-RAPID7-POC,7/2/2024,0.15 %,1.80 %
KBL-HQ-CLUSTER,kbl-hq-esxi02.kingdombankltd.local,KBL-RAPID7-POC,7/3/2024,0.14 %,1.62 %
KBL-HQ-CLUSTER,kbl-hq-esxi02.kingdombankltd.local,KBL-RISK-COMPLIANCE-SVR,6/29/2024,,
KBL-HQ-CLUSTER,kbl-hq-esxi02.kingdombankltd.local,KBL-RISK-COMPLIANCE-SVR,6/30/2024,,
KBL-HQ-CLUSTER,kbl-hq-esxi02.kingdombankltd.local,KBL-RISK-COMPLIANCE-SVR,7/1/2024,,
KBL-HQ-CLUSTER,kbl-hq-esxi02.kingdombankltd.local,KBL-RISK-COMPLIANCE-SVR,7/2/2024,0.09 %,0.53 %
KBL-HQ-CLUSTER,kbl-hq-esxi02.kingdombankltd.local,KBL-RISK-COMPLIANCE-SVR,7/3/2024,0.08 %,0.50 %
KBL-HQ-CLUSTER,kbl-hq-esxi02.kingdombankltd.local,KBL-SMARTCOLLECT-APP-LINUX-SVR,6/29/2024,0.40 %,4.75 %
KBL-HQ-CLUSTER,kbl-hq-esxi02.kingdombankltd.local,KBL-SMARTCOLLECT-APP-LINUX-SVR,6/30/2024,0.40 %,4.76 %
KBL-HQ-CLUSTER,kbl-hq-esxi02.kingdombankltd.local,KBL-SMARTCOLLECT-APP-LINUX-SVR,7/1/2024,0.63 %,7.61 %
KBL-HQ-CLUSTER,kbl-hq-esxi02.kingdombankltd.local,KBL-SMARTCOLLECT-APP-LINUX-SVR,7/2/2024,0.33 %,3.95 %
KBL-HQ-CLUSTER,kbl-hq-esxi02.kingdombankltd.local,KBL-SMARTCOLLECT-APP-LINUX-SVR,7/3/2024,0.33 %,3.99 %
KBL-HQ-CLUSTER,kbl-hq-esxi02.kingdombankltd.local,vCLS-7ec543ac-e8a1-48d8-b993-2ba56f90aeca,6/29/2024,0.00 %,0.26 %
KBL-HQ-CLUSTER,kbl-hq-esxi02.kingdombankltd.local,vCLS-7ec543ac-e8a1-48d8-b993-2ba56f90aeca,6/30/2024,0.00 %,0.27 %
KBL-HQ-CLUSTER,kbl-hq-esxi02.kingdombankltd.local,vCLS-7ec543ac-e8a1-48d8-b993-2ba56f90aeca,7/1/2024,0.00 %,0.24 %
KBL-HQ-CLUSTER,kbl-hq-esxi02.kingdombankltd.local,vCLS-7ec543ac-e8a1-48d8-b993-2ba56f90aeca,7/2/2024,0.00 %,0.41 %
KBL-HQ-CLUSTER,kbl-hq-esxi02.kingdombankltd.local,vCLS-7ec543ac-e8a1-48d8-b993-2ba56f90aeca,7/3/2024,0.00 %,0.38 %
